entity_1,relationship,entity_2
1217,2,52
1217,2,77
1217,2,2855
1217,1,1434
1217,0,595
1217,0,3487
1217,0,437
1217,0,3601
2601,2,77
2601,2,2340
2601,2,2855
2601,1,2686
2601,0,2430
2601,0,1990
2601,0,2220
2601,0,570
2992,2,1291
2992,2,3356
2992,1,2044
2992,0,1442
2992,0,274
2992,0,1234
2992,0,1556
2957,2,225
2957,2,669
2957,2,1039
2957,1,615
2957,0,2154
2957,0,2649
2957,0,2897
2957,0,2854
3056,2,52
3056,2,77
3056,2,1044
3056,1,771
3056,0,3547
3056,0,1470
3056,0,2087
3056,0,3496
3213,2,52
3213,2,77
3213,2,1044
3213,1,3575
3213,0,2142
3213,0,3357
3213,0,3549
3213,0,209
1888,2,669
1888,2,897
1888,2,2334
1888,1,717
1888,0,2785
1888,0,983
1888,0,2759
1888,0,1382
2284,2,669
2284,1,2880
2284,0,1011
2284,0,190
2284,0,1714
2284,0,1815
3266,2,52
3266,2,77
3266,2,399
3266,1,1433
3266,0,568
3266,0,2716
3266,0,2941
3266,0,3392
2501,2,77
2501,2,897
2501,2,2744
2501,1,2326
2501,0,1528
2501,0,595
2501,0,2242
2501,0,1918
1041,2,77
1041,2,1039
1041,2,1044
1041,1,801
1041,0,926
1041,0,1782
1041,0,145
1041,0,725
1278,2,399
1278,2,897
1278,2,1284
1278,1,3337
1278,0,3095
1278,0,2442
1278,0,1463
1278,0,1826
2736,2,52
2736,2,77
2736,2,2855
2736,1,1129
2736,0,1052
2736,0,855
2736,0,96
2736,0,886
2301,2,225
2301,2,77
2301,2,669
2301,1,2745
2301,0,315
2301,0,909
2301,0,2618
2301,0,3111
667,2,52
667,2,669
667,2,897
667,1,2346
667,0,245
667,0,1490
667,0,319
667,0,3363
3301,2,225
3301,2,77
3301,2,669
3301,1,596
3301,0,2003
3301,0,1002
3301,0,1828
3301,0,1896
1227,2,399
1227,2,897
1227,2,1284
1227,1,2190
1227,0,194
1227,0,2818
1227,0,2028
1227,0,3116
1476,2,52
1476,2,3356
1476,1,2525
1476,0,2142
1476,0,3406
1476,0,141
1476,0,3489
1977,2,399
1977,2,897
1977,1,1135
1977,0,842
1977,0,2406
1977,0,2751
1977,0,3060
291,2,897
291,2,2340
291,2,2855
291,1,827
291,0,177
291,0,1539
291,0,1076
291,0,2245
1186,2,77
1186,2,897
1186,2,3356
1186,1,3018
1186,0,2154
1186,0,928
1186,0,495
1186,0,681
2076,2,897
2076,1,1816
2076,0,541
2076,0,2258
2076,0,1880
2076,0,2017
1295,2,697
1295,2,897
1295,2,1291
1295,1,369
1295,0,979
1295,0,299
1295,0,3014
1295,0,3069
3438,2,225
3438,2,77
3438,2,669
3438,1,3501
3438,0,234
3438,0,1746
3438,0,3604
3438,0,626
1342,2,52
1342,2,77
1342,2,2855
1342,1,2737
1342,0,1956
1342,0,1505
1342,0,389
1342,0,2063
2499,2,669
2499,1,872
2499,0,1063
2499,0,872
2499,0,988
2499,0,2578
332,2,52
332,2,77
332,2,897
332,1,2795
332,0,2592
332,0,2632
332,0,273
332,0,3088
806,2,1291
806,2,3356
806,1,2570
806,0,1577
806,0,1545
806,0,1544
806,0,1998
330,2,669
330,1,1646
330,0,2276
330,0,1786
330,0,1865
330,0,609
307,2,52
307,2,77
307,2,897
307,1,1741
307,0,2220
307,0,2099
307,0,1536
307,0,449
3539,2,669
3539,1,1616
3539,0,3602
3539,0,1430
3539,0,3091
3539,0,552
2428,2,897
2428,2,3356
2428,1,3387
2428,0,177
2428,0,1414
2428,0,2241
2428,0,43
3569,2,52
3569,2,77
3569,2,2855
3569,1,494
3569,0,1442
3569,0,2220
3569,0,1528
3569,0,2392
807,2,52
807,2,77
807,2,669
807,1,3367
807,0,2789
807,0,2320
807,0,3076
807,0,921
2661,2,52
2661,2,1291
2661,2,2855
2661,1,2533
2661,0,2280
2661,0,1317
2661,0,133
2661,0,2923
517,2,52
517,2,77
517,2,2855
517,1,259
517,0,587
517,0,2709
517,0,2854
517,0,2887
1354,2,77
1354,2,897
1354,2,2855
1354,1,627
1354,0,2154
1354,0,245
1354,0,1553
1354,0,2047
866,2,52
866,2,77
866,2,1044
866,1,2861
866,0,372
866,0,581
866,0,2620
866,0,373
3270,2,52
3270,2,77
3270,2,3528
3270,1,264
3270,0,831
3270,0,595
3270,0,1014
3270,0,3490
21,2,669
21,2,897
21,1,2511
21,0,1613
21,0,318
21,0,661
21,0,2376
2851,2,225
2851,2,77
2851,2,669
2851,1,1205
2851,0,2898
2851,0,1868
2851,0,1651
2851,0,146
2317,2,897
2317,1,341
2317,0,2062
2317,0,2916
2317,0,903
2317,0,114
881,2,1291
881,1,2921
881,0,477
881,0,325
881,0,2741
881,0,2347
3200,2,399
3200,2,897
3200,2,1284
3200,1,1623
3200,0,2228
3200,0,2399
3200,0,1603
3200,0,1974
2011,2,897
2011,1,2667
2011,0,1119
2011,0,823
2011,0,3336
2011,0,3414
2583,2,52
2583,2,77
2583,2,1044
2583,1,2702
2583,0,1638
2583,0,2542
2583,0,1320
2583,0,1157
2294,2,897
2294,2,3356
2294,1,1626
2294,0,1553
2294,0,2112
2294,0,1218
2294,0,2245
1038,2,77
1038,2,897
1038,2,1044
1038,1,2865
1038,0,1277
1038,0,66
1038,0,1593
1038,0,1537
3004,2,52
3004,2,77
3004,2,2855
3004,1,1742
3004,0,594
3004,0,3592
3004,0,1764
3004,0,3601
3255,2,897
3255,1,2882
3255,0,570
3255,0,1493
3255,0,78
3255,0,1468
3006,2,52
3006,2,77
3006,2,1044
3006,1,1381
3006,0,708
3006,0,1598
3006,0,2476
3006,0,868
3462,2,52
3462,2,77
3462,2,1044
3462,1,229
3462,0,1769
3462,0,3335
3462,0,3377
3462,0,1899
2327,2,669
2327,2,897
2327,1,1134
2327,0,1521
2327,0,1772
2327,0,1712
2327,0,1490
1637,2,52
1637,2,697
1637,2,3356
1637,1,555
1637,0,1797
1637,0,2235
1637,0,128
1637,0,3549
3175,2,52
3175,2,697
3175,2,897
3175,1,627
3175,0,602
3175,0,1262
3175,0,40
3175,0,2209
2944,2,77
2944,2,897
2944,2,1284
2944,1,2125
2944,0,194
2944,0,56
2944,0,1958
2944,0,3080
880,2,697
880,2,1291
880,2,3356
880,1,1051
880,0,3020
880,0,1461
880,0,911
880,0,748
2180,2,897
2180,2,2744
2180,1,3333
2180,0,970
2180,0,2807
2180,0,1464
2180,0,563
3334,2,669
3334,2,897
3334,2,2744
3334,1,1994
3334,0,1150
3334,0,2807
3334,0,387
3334,0,1386
3059,2,399
3059,2,897
3059,1,644
3059,0,3389
3059,0,40
3059,0,1910
3059,0,3472
346,2,52
346,2,77
346,2,2855
346,1,3594
346,0,358
346,0,1271
346,0,177
346,0,1546
3143,2,1291
3143,2,2340
3143,2,3356
3143,1,203
3143,0,455
3143,0,969
3143,0,2470
3143,0,2234
3206,2,697
3206,2,897
3206,2,2340
3206,1,3099
3206,0,973
3206,0,1232
3206,0,2645
3206,0,1745
1056,2,897
1056,2,2744
1056,2,3356
1056,1,2816
1056,0,712
1056,0,1455
1056,0,1523
1056,0,966
3289,2,897
3289,2,2340
3289,2,2855
3289,1,627
3289,0,602
3289,0,1301
3289,0,2854
3289,0,2209
1852,2,52
1852,2,77
1852,2,669
1852,1,2157
1852,0,655
1852,0,3097
1852,0,2823
1852,0,2209
2515,2,897
2515,2,1284
2515,2,3356
2515,1,2553
2515,0,2113
2515,0,2255
2515,0,1382
2515,0,1615
2048,2,52
2048,2,77
2048,2,2855
2048,1,1161
2048,0,3390
2048,0,570
2048,0,2392
2048,0,3608
3499,2,897
3499,1,2725
3499,0,492
3499,0,1524
3499,0,379
3499,0,1485
819,2,52
819,2,897
819,2,3356
819,1,2553
819,0,2113
819,0,1878
819,0,893
819,0,1428
3291,2,897
3291,2,1284
3291,1,3124
3291,0,2476
3291,0,572
3291,0,602
3291,0,743
152,2,52
152,2,897
152,2,2744
152,1,2723
152,0,436
152,0,2099
152,0,1468
152,0,3491
31,2,897
31,2,1044
31,1,1379
31,0,1952
31,0,2942
31,0,1052
31,0,3379
660,2,897
660,2,2744
660,1,778
660,0,3547
660,0,935
660,0,1777
660,0,2238
3606,2,225
3606,2,77
3606,2,669
3606,1,500
3606,0,1177
3606,0,1474
3606,0,1327
3606,0,1533
2581,2,52
2581,2,77
2581,2,1044
2581,1,1192
2581,0,1638
2581,0,2473
2581,0,1801
2581,0,1157
3144,2,52
3144,2,2855
3144,1,1695
3144,0,2709
3144,0,587
3144,0,2854
3144,0,1539
1347,2,77
1347,2,897
1347,2,3505
1347,1,2606
1347,0,436
1347,0,846
1347,0,941
1347,0,2343
2582,2,52
2582,2,77
2582,2,1044
2582,1,1192
2582,0,1638
2582,0,2473
2582,0,1801
2582,0,1384
1169,2,52
1169,2,669
1169,2,1044
1169,1,2523
1169,0,2197
1169,0,1868
1169,0,1774
1169,0,1943
1341,2,52
1341,2,77
1341,2,2855
1341,1,627
1341,0,1939
1341,0,1676
1341,0,963
1341,0,1814
520,2,669
520,2,897
520,1,2146
520,0,3484
520,0,1160
520,0,2819
520,0,240
3329,2,399
3329,2,669
3329,2,697
3329,1,2125
3329,0,1939
3329,0,1651
3329,0,2087
3329,0,2154
1189,2,697
1189,2,897
1189,2,2340
1189,1,777
1189,0,358
1189,0,2754
1189,0,2378
1189,0,3452
1110,2,52
1110,2,697
1110,2,3356
1110,1,1447
1110,0,3487
1110,0,2534
1110,0,909
1110,0,1489
1733,2,52
1733,2,77
1733,2,2855
1733,1,659
1733,0,595
1733,0,495
1733,0,3448
1733,0,1708
1985,2,697
1985,2,897
1985,1,358
1985,0,358
1985,0,960
1985,0,449
1985,0,593
322,2,52
322,2,77
322,2,1044
322,1,1425
322,0,2818
322,0,3601
322,0,2942
322,0,2257
3219,2,697
3219,2,897
3219,2,2340
3219,1,2606
3219,0,2823
3219,0,1878
3219,0,1525
3219,0,3503
3135,2,52
3135,2,697
3135,2,897
3135,1,1147
3135,0,358
3135,0,234
3135,0,1382
3135,0,1640
2598,2,697
2598,2,897
2598,2,2340
2598,1,827
2598,0,1301
2598,0,1414
2598,0,3496
2598,0,2196
3508,2,52
3508,2,77
3508,2,1044
3508,1,907
3508,0,3431
3508,0,2536
3508,0,362
3508,0,869
3223,2,897
3223,1,3099
3223,0,983
3223,0,3496
3223,0,2442
3223,0,495
3506,2,669
3506,2,697
3506,2,897
3506,1,3381
3506,0,1651
3506,0,2279
3506,0,3029
3506,0,1206
323,2,52
323,2,77
323,2,2855
323,1,1695
323,0,2709
323,0,587
323,0,2109
323,0,589
3283,2,52
3283,2,669
3283,2,697
3283,1,2913
3283,0,2780
3283,0,2785
3283,0,221
3283,0,2140
1850,2,225
1850,2,897
1850,2,1044
1850,1,2064
1850,0,2793
1850,0,2310
1850,0,2791
1850,0,275
3325,2,1291
3325,2,2340
3325,2,2855
3325,1,1535
3325,0,42
3325,0,1817
3325,0,741
3325,0,1783
2547,2,897
2547,2,2340
2547,2,3356
2547,1,2461
2547,0,1867
2547,0,1903
2547,0,2943
2547,0,185
3178,2,697
3178,2,897
3178,2,3356
3178,1,2125
3178,0,1939
3178,0,2142
3178,0,1389
3178,0,2113
1931,2,399
1931,2,697
1931,2,897
1931,1,458
1931,0,3390
1931,0,974
1931,0,3097
1931,0,2518
3353,2,52
3353,2,77
3353,2,1044
3353,1,1815
3353,0,589
3353,0,256
3353,0,2359
3353,0,3391
3273,2,77
3273,2,897
3273,2,2855
3273,1,2686
3273,0,2142
3273,0,1553
3273,0,1868
3273,0,1773
676,2,697
676,2,2340
676,2,3356
676,1,2472
676,0,2097
676,0,182
676,0,1696
676,0,502
3272,2,52
3272,2,77
3272,2,669
3272,1,1223
3272,0,1271
3272,0,287
3272,0,141
3272,0,949
1268,2,697
1268,2,897
1268,2,3356
1268,1,786
1268,0,594
1268,0,362
1268,0,1501
1268,0,1172
3167,2,669
3167,1,3101
3167,0,2708
3167,0,1944
3167,0,754
3167,0,931
3257,2,52
3257,2,77
3257,2,897
3257,1,801
3257,0,119
3257,0,2753
3257,0,607
3257,0,613
148,2,897
148,1,1792
148,0,1022
148,0,2677
148,0,2104
148,0,1781
1029,2,897
1029,2,2340
1029,2,2855
1029,1,110
1029,0,141
1029,0,868
1029,0,2476
1029,0,2980
3149,2,52
3149,2,1291
3149,2,3356
3149,1,1203
3149,0,1614
3149,0,3413
3149,0,71
3149,0,1600
3,2,399
3,2,897
3,2,1284
3,1,3031
3,0,581
3,0,2230
3,0,2220
3,0,436
3148,2,2744
3148,2,2855
3148,1,181
3148,0,1797
3148,0,1483
3148,0,1562
3148,0,855
17,2,52
17,2,1044
17,2,3505
17,1,3594
17,0,1164
17,0,1936
17,0,800
17,0,871
1252,2,77
1252,2,897
1252,2,1044
1252,1,801
1252,0,746
1252,0,985
1252,0,2774
1252,0,2221
2445,2,669
2445,1,1685
2445,0,1474
2445,0,2457
2445,0,3076
2445,0,1521
3282,2,1291
3282,2,3356
3282,1,2404
3282,0,960
3282,0,611
3282,0,1797
3282,0,1762
735,2,52
735,2,399
735,2,897
735,1,2419
735,0,38
735,0,2799
735,0,1050
735,0,2831
1,2,897
1,2,1291
1,2,2340
1,1,731
1,0,1615
1,0,2130
1,0,1614
1,0,893
1062,2,225
1062,2,77
1062,2,669
1062,1,200
1062,0,962
1062,0,97
1062,0,919
1062,0,1752
2293,2,77
2293,2,897
2293,2,1039
2293,1,3364
2293,0,1016
2293,0,295
2293,0,2823
2293,0,1706
862,2,77
862,2,2340
862,2,2855
862,1,2375
862,0,2909
862,0,3335
862,0,1777
862,0,1411
2275,2,77
2275,2,669
2275,2,2744
2275,1,1418
2275,0,3585
2275,0,55
2275,0,234
2275,0,311
431,2,52
431,1,3382
431,0,2858
431,0,3112
431,0,155
431,0,1717
3176,2,52
3176,2,3356
3176,1,627
3176,0,602
3176,0,3390
3176,0,245
3176,0,1138
3250,2,77
3250,2,897
3250,2,1039
3250,1,1642
3250,0,2371
3250,0,386
3250,0,363
3250,0,1327
3427,2,52
3427,2,77
3427,2,2855
3427,1,2207
3427,0,2113
3427,0,2402
3427,0,1393
3427,0,3002
2381,2,77
2381,2,697
2381,2,2340
2381,1,1272
2381,0,982
2381,0,766
2381,0,975
2381,0,2278
2072,2,669
2072,2,1039
2072,2,2335
2072,1,2573
2072,0,2200
2072,0,2574
2072,0,161
2072,0,3009
3296,2,77
3296,2,897
3296,2,3356
3296,1,104
3296,0,1939
3296,0,3390
3296,0,3545
3296,0,868
1054,2,897
1054,1,831
1054,0,831
1054,0,3496
1054,0,3019
1054,0,1698
1357,2,77
1357,2,669
1357,2,897
1357,1,2702
1357,0,234
1357,0,2200
1357,0,594
1357,0,973
3304,2,897
3304,2,1291
3304,2,3356
3304,1,1492
3304,0,408
3304,0,3611
3304,0,220
3304,0,451
3533,2,897
3533,2,2334
3533,1,717
3533,0,2279
3533,0,1382
3533,0,2194
3533,0,2528
1109,2,52
1109,2,697
1109,2,3356
1109,1,1742
1109,0,3487
1109,0,2534
1109,0,909
1109,0,2257
3288,2,697
3288,2,897
3288,2,3356
3288,1,832
3288,0,2785
3288,0,437
3288,0,1017
3288,0,693
2420,2,697
2420,2,897
2420,2,3356
2420,1,1013
2420,0,3406
2420,0,1493
2420,0,1682
2420,0,3562
3212,2,897
3212,2,2744
3212,1,348
3212,0,1939
3212,0,524
3212,0,1590
3212,0,3376
2938,2,2340
2938,2,3356
2938,1,2125
2938,0,1939
2938,0,976
2938,0,2109
2938,0,363
473,2,2340
473,2,3356
473,2,3528
473,1,2122
473,0,710
473,0,1222
473,0,1857
473,0,525
3003,2,52
3003,2,77
3003,2,2855
3003,1,1381
3003,0,594
3003,0,3592
3003,0,2951
3003,0,1938
849,2,669
849,2,1039
849,1,3354
849,0,3590
849,0,2706
849,0,2614
849,0,3035
3151,2,399
3151,2,669
3151,2,897
3151,1,60
3151,0,602
3151,0,3026
3151,0,2785
3151,0,436
2750,2,897
2750,1,1937
2750,0,471
2750,0,1404
2750,0,2877
2750,0,3519
863,2,897
863,2,3528
863,1,2606
863,0,1456
863,0,613
863,0,1939
863,0,1822
81,2,897
81,2,2340
81,2,2744
81,1,558
81,0,2282
81,0,1729
81,0,1571
81,0,2975
3186,2,669
3186,2,897
3186,1,1806
3186,0,1230
3186,0,1234
3186,0,407
3186,0,1885
3513,2,52
3513,2,897
3513,2,2340
3513,1,3594
3513,0,1399
3513,0,2514
3513,0,526
3513,0,2069
3064,2,669
3064,1,1204
3064,0,2210
3064,0,1651
3064,0,626
3064,0,385
1346,2,52
1346,2,77
1346,2,697
1346,1,2746
1346,0,3389
1346,0,1052
1346,0,1363
1346,0,362
3145,2,77
3145,2,1039
3145,2,1044
3145,1,3045
3145,0,2110
3145,0,2767
3145,0,2540
3145,0,1515
3232,2,77
3232,2,2855
3232,2,3356
3232,1,1139
3232,0,1528
3232,0,1687
3232,0,1956
3232,0,3002
3537,2,897
3537,1,955
3537,0,2324
3537,0,460
3537,0,1736
3537,0,73
2939,2,52
2939,2,697
2939,2,897
2939,1,827
2939,0,973
2939,0,1682
2939,0,374
2939,0,1640
3447,2,897
3447,2,1291
3447,2,2340
3447,1,784
3447,0,590
3447,0,1841
3447,0,503
3447,0,2827
142,2,52
142,2,1291
142,2,2855
142,1,658
142,0,2652
142,0,3040
142,0,2915
142,0,1630
2488,2,52
2488,2,77
2488,2,2855
2488,1,1220
2488,0,1327
2488,0,568
2488,0,2692
2488,0,566
695,2,669
695,2,897
695,2,2744
695,1,1182
695,0,3026
695,0,2785
695,0,1720
695,0,983
2868,2,52
2868,2,669
2868,2,1044
2868,1,929
2868,0,2210
2868,0,2130
2868,0,1842
2868,0,144
1293,2,52
1293,2,669
1293,2,2340
1293,1,929
1293,0,2951
1293,0,2396
1293,0,2119
1293,0,387
2286,2,3356
2286,2,3505
2286,1,1036
2286,0,287
2286,0,238
2286,0,3385
2286,0,643
1100,2,52
1100,2,669
1100,2,697
1100,1,366
1100,0,2917
1100,0,471
1100,0,287
1100,0,634
3570,2,52
3570,2,77
3570,2,2855
3570,1,494
3570,0,2512
3570,0,1319
3570,0,1301
3570,0,1442
1392,2,52
1392,2,77
1392,2,697
1392,1,936
1392,0,3384
1392,0,651
1392,0,101
1392,0,2713
542,2,52
542,2,77
542,2,3356
542,1,2118
542,0,737
542,0,1016
542,0,1706
542,0,1513
3446,2,897
3446,2,1044
3446,2,2744
3446,1,547
3446,0,1867
3446,0,2716
3446,0,392
3446,0,2835
2434,2,52
2434,2,77
2434,2,669
2434,1,1647
2434,0,1546
2434,0,2109
2434,0,3562
2434,0,766
3559,2,399
3559,2,897
3559,2,1284
3559,1,2949
3559,0,1266
3559,0,2789
3559,0,736
3559,0,1792
5,2,52
5,2,897
5,2,1284
5,1,2207
5,0,1621
5,0,2487
5,0,1423
5,0,774
2988,2,52
2988,2,77
2988,2,3356
2988,1,2809
2988,0,737
2988,0,613
2988,0,2042
2988,0,2629
2410,2,697
2410,2,897
2410,2,3356
2410,1,726
2410,0,1414
2410,0,2656
2410,0,388
2410,0,2697
1873,2,225
1873,2,77
1873,2,1039
1873,1,3432
1873,0,570
1873,0,292
1873,0,2154
1873,0,2629
380,2,77
380,2,1291
380,1,1401
380,0,1195
380,0,574
380,0,444
380,0,337
1275,2,897
1275,2,2744
1275,2,2855
1275,1,2990
1275,0,1576
1275,0,177
1275,0,2854
1275,0,2751
1107,2,225
1107,2,77
1107,2,669
1107,1,584
1107,0,1865
1107,0,1324
1107,0,1655
1107,0,1684
3407,2,52
3407,2,77
3407,2,1039
3407,1,432
3407,0,1158
3407,0,476
3407,0,1302
3407,0,2625
802,2,52
802,2,77
802,2,897
802,1,2145
802,0,1138
802,0,1820
802,0,212
802,0,1862
3440,2,52
3440,2,669
3440,1,364
3440,0,364
3440,0,1383
3440,0,2709
3440,0,1507
3169,2,1291
3169,2,2340
3169,2,3356
3169,1,1447
3169,0,3478
3169,0,2514
3169,0,2054
3169,0,1081
252,2,52
252,2,77
252,2,669
252,1,2565
252,0,2529
252,0,2216
252,0,681
252,0,1020
469,2,669
469,2,2744
469,1,2919
469,0,2657
469,0,1151
469,0,1561
469,0,2804
3323,2,1291
3323,2,2340
3323,1,2711
3323,0,274
3323,0,2630
3323,0,1771
3323,0,1716
635,2,897
635,2,1039
635,2,1044
635,1,1815
635,0,1968
635,0,545
635,0,2680
635,0,1267
2644,2,2855
2644,1,2138
2644,0,3395
2644,0,572
2644,0,2468
2644,0,344
1078,2,897
1078,2,3356
1078,1,297
1078,0,3096
1078,0,2908
1078,0,326
1078,0,1045
2005,2,897
2005,2,2744
2005,1,1142
2005,0,276
2005,0,1762
2005,0,1858
2005,0,1702
396,2,897
396,2,3505
396,1,214
396,0,1580
396,0,1132
396,0,293
396,0,2135
699,2,897
699,2,1044
699,2,1291
699,1,1220
699,0,2205
699,0,1553
699,0,3391
699,0,568
902,2,697
902,2,897
902,1,2404
902,0,2785
902,0,524
902,0,492
902,0,97
3422,2,669
3422,2,897
3422,2,2744
3422,1,1704
3422,0,180
3422,0,385
3422,0,471
3422,0,657
3260,2,897
3260,2,2744
3260,1,832
3260,0,2220
3260,0,141
3260,0,2622
3260,0,1066
357,2,897
357,1,278
357,0,1007
357,0,2357
357,0,2886
357,0,2176
2994,2,697
2994,2,897
2994,2,1284
2994,1,3396
2994,0,2109
2994,0,2228
2994,0,2620
2994,0,1960
2321,2,1291
2321,2,2855
2321,2,3356
2321,1,2032
2321,0,1773
2321,0,274
2321,0,2757
2321,0,2249
3512,2,52
3512,2,897
3512,2,2993
3512,1,1147
3512,0,3390
3512,0,2398
3512,0,1590
3512,0,1530
518,2,52
518,2,77
518,2,2855
518,1,1585
518,0,587
518,0,1305
518,0,2823
518,0,1258
1226,2,697
1226,2,897
1226,2,3356
1226,1,88
1226,0,508
1226,0,1999
1226,0,739
1226,0,642
1356,2,77
1356,2,399
1356,2,897
1356,1,2882
1356,0,969
1356,0,3488
1356,0,548
1356,0,2081
3240,2,399
3240,2,897
3240,2,3356
3240,1,2326
3240,0,372
3240,0,1801
3240,0,2151
3240,0,151
553,2,52
553,2,669
553,2,697
553,1,2639
553,0,909
553,0,1828
553,0,750
553,0,179
930,2,52
930,2,77
930,2,2855
930,1,891
930,0,3384
930,0,973
930,0,388
930,0,449
25,2,897
25,2,1044
25,2,1291
25,1,1192
25,0,734
25,0,1481
25,0,2202
25,0,1376
2972,2,399
2972,2,897
2972,2,3356
2972,1,2451
2972,0,1676
2972,0,2909
2972,0,2196
2972,0,3592
1360,2,52
1360,2,77
1360,2,2855
1360,1,1642
1360,0,2709
1360,0,1224
1360,0,3120
1360,0,1501
149,2,52
149,2,77
149,2,2340
149,1,2719
149,0,2909
149,0,3335
149,0,1503
149,0,2354
3572,2,52
3572,2,77
3572,2,2855
3572,1,2157
3572,0,1442
3572,0,2220
3572,0,1528
3572,0,1823
2638,2,897
2638,2,1291
2638,1,1709
2638,0,1128
2638,0,957
2638,0,2612
2638,0,1921
2503,2,669
2503,2,897
2503,2,2744
2503,1,1565
2503,0,56
2503,0,1187
2503,0,2380
2503,0,2698
466,2,669
466,2,2744
466,1,2523
466,0,1868
466,0,2175
466,0,2756
466,0,3123
3207,2,897
3207,2,1291
3207,2,3356
3207,1,664
3207,0,1150
3207,0,1181
3207,0,875
3207,0,2490
2824,2,52
2824,2,77
2824,2,897
2824,1,435
2824,0,909
2824,0,526
2824,0,121
2824,0,668
2995,2,897
2995,1,1247
2995,0,3475
2995,0,2889
2995,0,300
2995,0,2619
3426,2,52
3426,2,77
3426,2,2855
3426,1,2207
3426,0,2932
3426,0,2187
3426,0,1683
3426,0,3455
2447,2,52
2447,2,897
2447,2,2340
2447,1,2991
2447,0,1682
2447,0,953
2447,0,2823
2447,0,2917
3355,2,52
3355,2,77
3355,2,1044
3355,1,95
3355,0,589
3355,0,2359
3355,0,3391
3355,0,3009
1183,2,52
1183,2,77
1183,2,1044
1183,1,113
1183,0,450
1183,0,2414
1183,0,1164
1183,0,556
519,2,52
519,2,77
519,2,2855
519,1,259
519,0,587
519,0,2823
519,0,2854
519,0,2717
2313,2,52
2313,2,77
2313,2,669
2313,1,599
2313,0,2018
2313,0,1461
2313,0,3347
2313,0,342
26,2,897
26,2,1291
26,1,1955
26,0,2106
26,0,3067
26,0,3032
26,0,549
1837,2,52
1837,2,669
1837,1,2157
1837,0,43
1837,0,2403
1837,0,582
1837,0,1133
1245,2,52
1245,2,77
1245,2,2855
1245,1,1331
1245,0,2917
1245,0,3369
1245,0,1232
1245,0,752
536,2,225
536,2,77
536,2,669
536,1,1622
536,0,2480
536,0,428
536,0,2527
536,0,1902
1372,2,1291
1372,2,2340
1372,1,791
1372,0,2063
1372,0,1800
1372,0,2455
1372,0,1964
3208,2,697
3208,2,897
3208,2,2340
3208,1,777
3208,0,737
3208,0,2751
3208,0,628
3208,0,3009
3516,2,669
3516,2,697
3516,1,2639
3516,0,1490
3516,0,1521
3516,0,982
3516,0,918
169,2,897
169,1,189
169,0,2846
169,0,2932
169,0,2689
169,0,2178
3262,2,669
3262,2,897
3262,2,2744
3262,1,3578
3262,0,654
3262,0,2622
3262,0,1549
3262,0,2452
2594,2,52
2594,2,77
2594,2,2855
2594,1,2416
2594,0,76
2594,0,1918
2594,0,3417
2594,0,136
2068,2,52
2068,2,77
2068,2,1039
2068,1,2721
2068,0,218
2068,0,960
2068,0,2917
2068,0,1941
2777,2,1291
2777,2,2855
2777,2,3356
2777,1,3043
2777,0,2430
2777,0,2211
2777,0,1821
2777,0,2563
2494,2,897
2494,2,1044
2494,2,3505
2494,1,1220
2494,0,1375
2494,0,282
2494,0,2895
2494,0,2093
29,2,697
29,2,897
29,2,3356
29,1,208
29,0,2514
29,0,1551
29,0,1232
29,0,3492
277,2,52
277,2,77
277,2,897
277,1,2190
277,0,1165
277,0,2635
277,0,714
277,0,2769
2296,2,52
2296,2,77
2296,2,3356
2296,1,624
2296,0,3384
2296,0,2645
2296,0,1539
2296,0,2951
3236,2,52
3236,2,77
3236,2,897
3236,1,551
3236,0,589
3236,0,1553
3236,0,570
3236,0,973
3287,2,897
3287,2,2744
3287,1,3013
3287,0,1989
3287,0,985
3287,0,1033
3287,0,2529
1397,2,399
1397,2,897
1397,2,1284
1397,1,2485
1397,0,2359
1397,0,2561
1397,0,1211
1397,0,394
3182,2,897
3182,2,1291
3182,2,3356
3182,1,705
3182,0,1769
3182,0,2191
3182,0,906
3182,0,2018
3211,2,77
3211,2,669
3211,2,897
3211,1,3523
3211,0,2629
3211,0,1035
3211,0,2139
3211,0,76
3229,2,52
3229,2,77
3229,2,2744
3229,1,197
3229,0,2832
3229,0,2168
3229,0,1413
3229,0,846
1111,2,52
1111,2,897
1111,2,3505
1111,1,771
1111,0,436
1111,0,2932
1111,0,1989
1111,0,2238
1351,2,225
1351,2,77
1351,2,669
1351,1,2549
1351,0,178
1351,0,385
1351,0,1951
1351,0,2285
2729,2,225
2729,2,77
2729,2,669
2729,1,298
2729,0,2034
2729,0,923
2729,0,1382
2729,0,1951
3118,2,52
3118,2,77
3118,2,2855
3118,1,95
3118,0,290
3118,0,1477
3118,0,970
3118,0,1411
2543,2,77
2543,2,1039
2543,2,1044
2543,1,585
2543,0,1989
2543,0,1833
2543,0,3027
2543,0,442
1940,2,897
1940,2,2335
1940,2,2744
1940,1,3393
1940,0,1301
1940,0,2780
1940,0,245
1940,0,161
579,2,897
579,2,2855
579,2,3356
579,1,129
579,0,1720
579,0,645
579,0,581
579,0,2209
9,2,669
9,2,897
9,1,2271
9,0,247
9,0,960
9,0,1211
9,0,394
2996,2,52
2996,2,669
2996,2,697
2996,1,2523
2996,0,2197
2996,0,2756
2996,0,1705
2996,0,1489
3247,2,399
3247,2,669
3247,2,897
3247,1,2463
3247,0,1091
3247,0,2465
3247,0,246
3247,0,312
427,2,669
427,2,897
427,2,2744
427,1,939
427,0,847
427,0,102
427,0,289
427,0,1975
1884,2,897
1884,2,3356
1884,1,3578
1884,0,631
1884,0,2254
1884,0,217
1884,0,1299
3051,2,399
3051,2,897
3051,2,1284
3051,1,1034
3051,0,2437
3051,0,680
3051,0,1482
3051,0,2374
3140,2,52
3140,2,77
3140,2,2855
3140,1,2080
3140,0,194
3140,0,983
3140,0,1456
3140,0,2524
3168,2,1291
3168,2,2340
3168,2,3356
3168,1,1447
3168,0,2514
3168,0,3478
3168,0,2747
3168,0,1965
3217,2,669
3217,1,3381
3217,0,3587
3217,0,437
3217,0,1736
3217,0,918
347,2,52
347,2,77
347,2,2855
347,1,2553
347,0,119
347,0,483
347,0,1958
347,0,2687
2695,2,52
2695,2,897
2695,2,2855
2695,1,2776
2695,0,1430
2695,0,212
2695,0,1103
2695,0,1761
1963,2,1291
1963,1,776
1963,0,3116
1963,0,1117
1963,0,2088
1963,0,392
2431,2,897
2431,2,3356
2431,1,1674
2431,0,2675
2431,0,1978
2431,0,2242
2431,0,571
400,2,669
400,2,897
400,2,2744
400,1,104
400,0,2228
400,0,3587
400,0,935
400,0,190
404,2,897
404,2,3356
404,1,762
404,0,2359
404,0,2276
404,0,3489
404,0,3556
813,2,669
813,2,897
813,1,1744
813,0,3451
813,0,3127
813,0,1881
813,0,3129
2435,2,897
2435,1,1904
2435,0,571
2435,0,3009
2435,0,3000
2435,0,2932
3110,2,52
3110,2,77
3110,2,669
3110,1,767
3110,0,2187
3110,0,3541
3110,0,3452
3110,0,1910
1860,2,897
1860,2,1291
1860,2,3356
1860,1,941
1860,0,1797
1860,0,1997
1860,0,183
1860,0,39
857,2,669
857,1,728
857,0,2708
857,0,3585
857,0,3602
857,0,311
647,2,897
647,2,2855
647,1,3402
647,0,3389
647,0,1236
647,0,1300
647,0,1305
3568,2,52
3568,2,77
3568,2,2855
3568,1,1146
3568,0,1301
3568,0,1960
3568,0,2789
3568,0,756
2847,2,1291
2847,1,1511
2847,0,2838
2847,0,3038
2847,0,1739
2847,0,638
2962,2,52
2962,2,77
2962,2,3356
2962,1,2809
2962,0,737
2962,0,1493
2962,0,2355
2962,0,1706
3225,2,77
3225,2,1044
3225,1,2557
3225,0,2119
3225,0,1319
3225,0,2670
3225,0,212
11,2,52
11,2,669
11,2,697
11,1,2567
11,0,1651
11,0,560
11,0,1322
11,0,471
2958,2,669
2958,2,897
2958,2,2334
2958,1,1602
2958,0,1055
2958,0,83
2958,0,2090
2958,0,1393
334,2,225
334,2,77
334,2,669
334,1,1003
334,0,960
334,0,734
334,0,530
334,0,2049
2440,2,52
2440,2,77
2440,2,2340
2440,1,1678
2440,0,3384
2440,0,2322
2440,0,190
2440,0,2448
12,2,52
12,2,669
12,2,697
12,1,2567
12,0,560
12,0,1651
12,0,1322
12,0,2399
3599,2,697
3599,2,897
3599,2,1284
3599,1,777
3599,0,1414
3599,0,2709
3599,0,2109
3599,0,255
1024,2,669
1024,1,2679
1024,0,407
1024,0,3450
1024,0,2786
1024,0,3602
1362,2,52
1362,2,77
1362,2,2855
1362,1,2913
1362,0,2709
1362,0,1222
1362,0,1224
1362,0,876
2433,2,697
2433,2,2340
2433,2,3356
2433,1,2004
2433,0,1546
2433,0,670
2433,0,2109
2433,0,3562
2930,2,52
2930,2,77
2930,2,697
2930,1,1223
2930,0,2709
2930,0,1705
2930,0,2620
2930,0,2112
815,2,3356
815,1,2606
815,0,1878
815,0,3607
815,0,2755
815,0,3474
3174,2,399
3174,2,897
3174,2,2744
3174,1,3393
3174,0,926
3174,0,141
3174,0,164
3174,0,367
1276,2,52
1276,2,77
1276,1,452
1276,0,909
1276,0,1620
1276,0,1320
1276,0,1675
3054,2,52
3054,2,1044
3054,1,3594
3054,0,974
3054,0,3475
3054,0,46
3054,0,1517
1799,2,52
1799,2,669
1799,1,1204
1799,0,3587
1799,0,1370
1799,0,1643
1799,0,1126
1732,2,52
1732,2,77
1732,2,2855
1732,1,1898
1732,0,560
1732,0,2276
1732,0,926
1732,0,2875
2136,2,52
2136,2,669
2136,2,697
2136,1,1469
2136,0,3587
2136,0,1868
2136,0,2480
2136,0,2763
1358,2,3356
1358,1,1419
1358,0,2740
1358,0,572
1358,0,1419
1358,0,515
499,2,52
499,2,897
499,2,1291
499,1,2828
499,0,3577
499,0,2981
499,0,3582
499,0,884
2584,2,669
2584,2,2334
2584,2,2744
2584,1,1484
2584,0,234
2584,0,479
2584,0,2647
2584,0,227
2373,2,669
2373,1,2393
2373,0,2898
2373,0,2756
2373,0,3585
2373,0,582
3189,2,897
3189,1,782
3189,0,1968
3189,0,1411
3189,0,628
3189,0,2012
2074,2,52
2074,2,77
2074,2,1044
2074,1,3594
2074,0,1271
2074,0,177
2074,0,2241
2074,0,847
3166,2,897
3166,2,2744
3166,1,2762
3166,0,376
3166,0,3116
3166,0,121
3166,0,2057
1321,2,225
1321,2,77
1321,2,669
1321,1,2273
1321,0,2640
1321,0,826
1321,0,1624
1321,0,599
3180,2,669
3180,2,897
3180,1,778
3180,0,245
3180,0,2200
3180,0,72
3180,0,973
3242,2,399
3242,2,697
3242,2,897
3242,1,433
3242,0,492
3242,0,1624
3242,0,846
3242,0,179
3338,2,897
3338,2,1284
3338,1,2531
3338,0,738
3338,0,2522
3338,0,633
3338,0,2126
3187,2,52
3187,2,697
3187,2,3356
3187,1,264
3187,0,831
3187,0,2128
3187,0,582
3187,0,780
1995,2,52
1995,2,399
1995,2,897
1995,1,2553
1995,0,2113
1995,0,3102
1995,0,969
1995,0,362
3165,2,1291
3165,1,900
3165,0,1866
3165,0,589
3165,0,232
3165,0,1080
3230,2,669
3230,2,2744
3230,1,1096
3230,0,228
3230,0,656
3230,0,983
3230,0,1768
2924,2,669
2924,2,2744
2924,1,1564
2924,0,1494
2924,0,138
2924,0,3076
2924,0,2274
1348,2,669
1348,2,697
1348,2,897
1348,1,2531
1348,0,1576
1348,0,1682
1348,0,2480
1348,0,1782
139,2,77
139,2,1039
139,2,1044
139,1,1424
139,0,2205
139,0,1638
139,0,1267
139,0,245
3493,2,697
3493,2,897
3493,2,3356
3493,1,1137
3493,0,969
3493,0,3608
3493,0,3602
3493,0,990
3195,2,52
3195,2,697
3195,2,3356
3195,1,1742
3195,0,2016
3195,0,3593
3195,0,2906
3195,0,718
1296,2,669
1296,2,2744
1296,1,605
1296,0,712
1296,0,2647
1296,0,1944
1296,0,143
3154,2,399
3154,2,897
3154,2,2993
3154,1,1623
3154,0,2607
3154,0,2825
3154,0,3366
3154,0,1407
1891,2,897
1891,2,2744
1891,1,47
1891,0,2042
1891,0,78
1891,0,2800
1891,0,316
3146,2,897
3146,2,1291
3146,1,1526
3146,0,1011
3146,0,2426
3146,0,744
3146,0,1259
3226,2,77
3226,2,1044
3226,1,2557
3226,0,1319
3226,0,2119
3226,0,2670
3226,0,545
1254,2,77
1254,2,1039
1254,2,1044
1254,1,801
1254,0,746
1254,0,985
1254,0,2774
1254,0,449
2973,2,52
2973,2,897
2973,2,2855
2973,1,426
2973,0,587
2973,0,1451
2973,0,3361
2973,0,917
3132,2,52
3132,2,77
3132,2,2855
3132,1,1377
3132,0,582
3132,0,2158
3132,0,1121
3132,0,333
3309,2,52
3309,2,1291
3309,1,721
3309,0,674
3309,0,2395
3309,0,1907
3309,0,36
3324,2,669
3324,2,1291
3324,2,3356
3324,1,2044
3324,0,2454
3324,0,920
3324,0,812
3324,0,2559
1048,2,52
1048,2,697
1048,2,3356
1048,1,1742
1048,0,3487
1048,0,2534
1048,0,909
1048,0,1668
3011,2,697
3011,2,897
3011,2,2334
3011,1,243
3011,0,560
3011,0,1518
3011,0,716
3011,0,805
2009,2,897
2009,1,2974
2009,0,2689
2009,0,1517
2009,0,1558
2009,0,539
2731,2,52
2731,2,697
2731,2,3356
2731,1,1223
2731,0,1164
2731,0,3403
2731,0,1327
2731,0,3130
1338,2,52
1338,2,2855
1338,2,3356
1338,1,197
1338,0,1746
1338,0,161
1338,0,634
1338,0,2459
3307,2,399
3307,2,897
3307,1,777
3307,0,1546
3307,0,194
3307,0,1746
3307,0,2751
3256,2,52
3256,2,77
3256,2,1044
3256,1,445
3256,0,3487
3256,0,2757
3256,0,943
3256,0,3610
3482,2,897
3482,2,1291
3482,2,2855
3482,1,2526
3482,0,746
3482,0,1442
3482,0,1552
3482,0,198
33,2,399
33,2,669
33,2,897
33,1,2735
33,0,2033
33,0,420
33,0,2781
33,0,1575
1199,2,697
1199,2,1291
1199,2,3356
1199,1,1540
1199,0,267
1199,0,1334
1199,0,135
1199,0,2512
405,2,697
405,2,897
405,2,2340
405,1,2231
405,0,589
405,0,3496
405,0,3517
405,0,1930
3048,2,225
3048,2,77
3048,2,669
3048,1,2393
3048,0,211
3048,0,1791
3048,0,1810
3048,0,1521
173,2,52
173,2,399
173,2,897
173,1,644
173,0,437
173,0,2941
173,0,1881
173,0,653
715,2,399
715,2,897
715,1,1498
715,0,2154
715,0,1524
715,0,1470
715,0,3035
1973,2,399
1973,2,897
1973,2,1284
1973,1,3045
1973,0,738
1973,0,2802
1973,0,796
1973,0,1676
2778,2,52
2778,2,399
2778,2,897
2778,1,2746
2778,0,736
2778,0,589
2778,0,2459
2778,0,122
351,2,897
351,2,1044
351,2,1291
351,1,2269
351,0,1770
351,0,3346
351,0,1404
351,0,239
2946,2,669
2946,2,897
2946,2,2744
2946,1,788
2946,0,437
2946,0,1528
2946,0,2708
2946,0,1396
3420,2,897
3420,2,2993
3420,1,125
3420,0,125
3420,0,573
3420,0,2617
3420,0,205
3196,2,897
3196,2,2744
3196,1,1680
3196,0,2909
3196,0,251
3196,0,2356
3196,0,1909
411,2,669
411,2,2744
411,1,1084
411,0,63
411,0,899
411,0,3518
411,0,1834
1047,2,52
1047,2,697
1047,2,3356
1047,1,1742
1047,0,3487
1047,0,2534
1047,0,2257
1047,0,1668
1996,2,52
1996,2,697
1996,2,897
1996,1,2665
1996,0,1676
1996,0,489
1996,0,973
1996,0,2522
3538,2,52
3538,2,897
3538,2,3356
3538,1,2737
3538,0,560
3538,0,1456
3538,0,2058
3538,0,1477
2551,2,77
2551,2,1039
2551,2,1044
2551,1,783
2551,0,495
2551,0,2717
2551,0,2438
2551,0,2469
2989,2,52
2989,2,77
2989,1,2812
2989,0,3376
2989,0,1855
2989,0,3417
2989,0,3345
3315,2,52
3315,2,77
3315,2,2744
3315,1,2533
3315,0,1989
3315,0,2152
3315,0,2641
3315,0,2280
3007,2,77
3007,2,1039
3007,2,1044
3007,1,2157
3007,0,565
3007,0,637
3007,0,2941
3007,0,1319
170,2,697
170,2,897
170,1,788
170,0,602
170,0,177
170,0,437
170,0,1528
1532,2,669
1532,2,1291
1532,1,1767
1532,0,2187
1532,0,161
1532,0,53
1532,0,1639
2264,2,669
2264,2,1044
2264,2,2744
2264,1,3561
2264,0,2480
2264,0,2620
2264,0,1788
2264,0,1877
1892,2,897
1892,1,3555
1892,0,1069
1892,0,618
1892,0,683
1892,0,2352
1699,2,897
1699,1,788
1699,0,1528
1699,0,2708
1699,0,437
1699,0,928
3184,2,669
3184,2,897
3184,1,1578
3184,0,1777
3184,0,1707
3184,0,1956
3184,0,1305
505,2,669
505,2,897
505,2,2744
505,1,3561
505,0,1546
505,0,1867
505,0,3026
505,0,408
1353,2,77
1353,2,2855
1353,2,3356
1353,1,2719
1353,0,2909
1353,0,251
1353,0,3335
1353,0,1777
2901,2,52
2901,2,77
2901,2,1044
2901,1,2893
2901,0,359
2901,0,1720
2901,0,1501
2901,0,141
821,2,669
821,2,897
821,1,1304
821,0,2465
821,0,650
821,0,263
821,0,303
3313,2,399
3313,2,897
3313,2,2744
3313,1,1440
3313,0,926
3313,0,1052
3313,0,3399
3313,0,2984
3341,2,669
3341,2,1044
3341,1,1018
3341,0,1430
3341,0,1651
3341,0,2898
3341,0,1494
49,2,669
49,2,897
49,2,1044
49,1,2672
49,0,868
49,0,2620
49,0,387
49,0,2037
3010,2,669
3010,1,60
3010,0,3543
3010,0,1601
3010,0,2132
3010,0,2676
649,2,1291
649,2,3356
649,1,1650
649,0,210
649,0,1908
649,0,2563
649,0,604
3005,2,52
3005,2,77
3005,2,2855
3005,1,1381
3005,0,594
3005,0,3592
3005,0,3601
3005,0,372
3603,2,77
3603,2,669
3603,2,1291
3603,1,2766
3603,0,1546
3603,0,983
3603,0,3562
3603,0,48
1229,2,669
1229,2,2340
1229,1,1013
1229,0,1682
1229,0,1158
1229,0,100
1229,0,2629
2969,2,897
2969,1,753
2969,0,842
2969,0,1103
2969,0,2850
2969,0,224
3320,2,77
3320,2,897
3320,2,1044
3320,1,383
3320,0,1867
3320,0,2716
3320,0,3103
3320,0,2556
174,2,897
174,2,2993
174,1,115
174,0,3552
174,0,1649
174,0,1954
174,0,1116
3139,2,52
3139,2,77
3139,1,2080
3139,0,194
3139,0,983
3139,0,2664
3139,0,1363
371,2,52
371,2,77
371,2,897
371,1,3372
371,0,1386
371,0,3379
371,0,2733
371,0,2368
2966,2,52
2966,2,897
2966,2,2855
2966,1,1380
2966,0,1403
2966,0,2905
2966,0,904
2966,0,3050
3276,2,52
3276,2,2340
3276,2,2855
3276,1,3524
3276,0,912
3276,0,1795
3276,0,3545
3276,0,3344
698,2,52
698,2,697
698,2,897
698,1,284
698,0,1826
698,0,2789
698,0,1126
698,0,1138
3504,2,52
3504,2,697
3504,2,1044
3504,1,3372
3504,0,218
3504,0,1442
3504,0,2322
3504,0,3114
1067,2,399
1067,2,669
1067,2,897
1067,1,3017
1067,0,2200
1067,0,1300
1067,0,2950
1067,0,2645
662,2,52
662,2,697
662,2,3356
662,1,999
662,0,2392
662,0,1052
662,0,256
662,0,363
403,2,399
403,2,697
403,2,897
403,1,2860
403,0,1638
403,0,372
403,0,712
403,0,1590
696,2,897
696,2,2993
696,1,2784
696,0,2206
696,0,3073
696,0,3127
696,0,2572
3072,2,77
3072,2,669
3072,2,897
3072,1,727
3072,0,2522
3072,0,746
3072,0,2130
3072,0,268
3192,2,52
3192,2,77
3192,2,3356
3192,1,2510
3192,0,3073
3192,0,1489
3192,0,1559
3192,0,269
3530,2,669
3530,2,1044
3530,2,1291
3530,1,1515
3530,0,1515
3530,0,3081
3530,0,682
3530,0,1662
2986,2,897
2986,2,2993
2986,1,264
2986,0,1414
2986,0,2620
2986,0,2469
2986,0,1076
1309,2,1291
1309,2,3356
1309,1,2269
1309,0,1614
1309,0,1775
1309,0,2246
1309,0,2822
467,2,897
467,2,1284
467,2,3356
467,1,3045
467,0,3389
467,0,2110
467,0,92
467,0,179
3258,2,225
3258,2,52
3258,2,77
3258,1,2567
3258,0,595
3258,0,3543
3258,0,947
3258,0,3541
1023,2,52
1023,2,77
1023,2,897
1023,1,335
1023,0,1477
1023,0,215
1023,0,3349
1023,0,2120
2586,2,52
2586,2,669
2586,2,1039
2586,1,585
2586,0,63
2586,0,1829
2586,0,2255
2586,0,2555
2724,2,52
2724,2,77
2724,2,897
2724,1,2686
2724,0,2780
2724,0,545
2724,0,2152
2724,0,2173
3330,2,52
3330,2,77
3330,2,2855
3330,1,1438
3330,0,1301
3330,0,3548
3330,0,3094
3330,0,2688
1604,2,52
1604,2,77
1604,2,2855
1604,1,200
1604,0,3102
1604,0,2039
1604,0,3549
1604,0,2820
1796,2,52
1796,2,669
1796,1,2552
1796,0,1798
1796,0,1666
1796,0,3358
1796,0,2201
3216,2,52
3216,2,697
3216,2,897
3216,1,2576
3216,0,2882
3216,0,1327
3216,0,1472
3216,0,1493
3028,2,399
3028,2,897
3028,1,753
3028,0,2220
3028,0,1777
3028,0,2898
3028,0,1503
3535,2,669
3535,2,2744
3535,1,1175
3535,0,3368
3535,0,2353
3535,0,965
3535,0,1426
1216,2,669
1216,1,828
1216,0,63
1216,0,1829
1216,0,597
1216,0,795
3137,2,897
3137,2,1044
3137,2,2744
3137,1,1928
3137,0,408
3137,0,2260
3137,0,1249
3137,0,1787
3241,2,52
3241,2,77
3241,2,2855
3241,1,2004
3241,0,935
3241,0,1983
3241,0,3369
3241,0,3553
684,2,669
684,1,2554
684,0,3488
684,0,2069
684,0,1642
684,0,1474
50,2,669
50,2,2855
50,1,3126
50,0,2951
50,0,1769
50,0,2830
50,0,2703
2060,2,669
2060,2,897
2060,1,3044
2060,0,560
2060,0,112
2060,0,2457
2060,0,2154
2287,2,225
2287,2,52
2287,2,77
2287,1,1879
2287,0,2825
2287,0,1643
2287,0,2228
2287,0,2575
3152,2,1291
3152,1,2739
3152,0,2361
3152,0,2027
3152,0,1972
3152,0,874
480,2,52
480,2,399
480,2,697
480,1,2404
480,0,3390
480,0,1805
480,0,2026
480,0,1793
838,2,225
838,2,77
838,2,669
838,1,2575
838,0,3026
838,0,1488
838,0,2779
838,0,1721
3150,2,897
3150,2,2744
3150,1,2225
3150,0,1439
3150,0,2255
3150,0,2028
3150,0,1959
3248,2,897
3248,2,2340
3248,2,3356
3248,1,1767
3248,0,1990
3248,0,968
3248,0,2260
3248,0,3089
3597,2,897
3597,2,1284
3597,2,3356
3597,1,1785
3597,0,1553
3597,0,1590
3597,0,595
3597,0,2112
3092,2,225
3092,2,77
3092,2,669
3092,1,2365
3092,0,2078
3092,0,3591
3092,0,885
3092,0,2748
3235,2,52
3235,2,77
3235,2,2855
3235,1,1083
3235,0,1528
3235,0,1687
3235,0,1956
3235,0,3562
3470,2,77
3470,2,669
3470,1,1613
3470,0,918
3470,0,609
3470,0,2963
3470,0,3008
3084,2,52
3084,2,3356
3084,1,2576
3084,0,1958
3084,0,2057
3084,0,1040
3084,0,1933
2585,2,669
2585,2,2334
2585,1,947
2585,0,234
2585,0,2647
2585,0,1230
2585,0,479
2314,2,225
2314,2,77
2314,2,669
2314,1,729
2314,0,395
2314,0,1615
2314,0,3025
2314,0,1266
959,2,697
959,2,897
959,2,3356
959,1,2532
959,0,1367
959,0,1920
959,0,241
959,0,562
2184,2,52
2184,2,77
2184,2,697
2184,1,829
2184,0,1489
2184,0,1548
2184,0,3406
2184,0,2259
3445,2,669
3445,2,897
3445,2,1291
3445,1,1835
3445,0,1743
3445,0,2236
3445,0,1233
3445,0,1153
3220,2,897
3220,1,2115
3220,0,143
3220,0,1164
3220,0,3549
3220,0,1212
310,2,897
310,2,2340
310,2,2744
310,1,1587
310,0,1801
310,0,1442
310,0,447
310,0,2832
1251,2,77
1251,2,1039
1251,2,1044
1251,1,801
1251,0,746
1251,0,985
1251,0,2774
1251,0,387
2910,2,897
2910,1,3031
2910,0,2220
2910,0,524
2910,0,1423
2910,0,2025
1240,2,52
1240,2,897
1240,2,3356
1240,1,1587
1240,0,2832
1240,0,545
1240,0,1000
1240,0,3481
3147,2,897
3147,1,792
3147,0,1913
3147,0,2521
3147,0,580
3147,0,254
2596,2,52
2596,2,1291
2596,2,2744
2596,1,497
2596,0,1968
2596,0,2813
2596,0,1386
2596,0,355
18,2,52
18,2,897
18,2,1044
18,1,2427
18,0,3058
18,0,1016
18,0,1936
18,0,1242
1993,2,52
1993,2,697
1993,2,897
1993,1,327
1993,0,1164
1993,0,40
1993,0,2322
1993,0,216
3171,2,897
3171,2,1044
3171,2,2744
3171,1,777
3171,0,436
3171,0,545
3171,0,3361
3171,0,1711
2956,2,52
2956,2,697
2956,2,3356
2956,1,1089
2956,0,2262
2956,0,1548
2956,0,1682
2956,0,1676
3159,2,52
3159,2,2340
3159,2,3356
3159,1,2525
3159,0,2142
3159,0,928
3159,0,1573
3159,0,1713
2999,2,1291
2999,2,2340
2999,2,3356
2999,1,2998
2999,0,2997
2999,0,2894
2999,0,1514
2999,0,2968
3294,2,52
3294,2,1291
3294,2,2855
3294,1,1427
3294,0,1086
3294,0,952
3294,0,2338
3294,0,1677
16,2,669
16,2,897
16,1,2628
16,0,38
16,0,2052
16,0,2309
16,0,2918
3605,2,669
3605,1,364
3605,0,364
3605,0,2480
3605,0,2542
3605,0,3543
3563,2,52
3563,2,77
3563,2,1291
3563,1,2079
3563,0,436
3563,0,2292
3563,0,749
3563,0,1423
2295,2,52
2295,2,77
2295,2,3356
2295,1,432
2295,0,3384
2295,0,1539
2295,0,2951
2295,0,2536
1947,2,52
1947,2,697
1947,2,897
1947,1,679
1947,0,2096
1947,0,2102
1947,0,2811
1947,0,2413
1059,2,669
1059,2,697
1059,2,897
1059,1,1648
1059,0,1442
1059,0,1451
1059,0,924
1059,0,1334
3265,2,897
3265,2,2744
3265,1,1163
3265,0,2862
3265,0,476
3265,0,92
3265,0,1386
3332,2,897
3332,2,3356
3332,1,1379
3332,0,2354
3332,0,1027
3332,0,3392
3332,0,2439
1838,2,52
1838,2,669
1838,2,697
1838,1,1509
1838,0,43
1838,0,582
1838,0,626
1838,0,1562
1073,2,669
1073,1,1506
1073,0,111
1073,0,3567
1073,0,2199
1073,0,2193
2482,2,77
2482,2,1039
2482,2,1044
2482,1,2812
2482,0,1430
2482,0,2258
2482,0,2622
2482,0,2276
482,2,897
482,2,2744
482,1,1606
482,0,2832
482,0,990
482,0,868
482,0,1561
677,2,225
677,2,1039
677,2,1044
677,1,1273
677,0,710
677,0,3117
677,0,1619
677,0,1531
415,2,897
415,2,2744
415,1,832
415,0,2785
415,0,2258
415,0,1611
415,0,1037
3314,2,3356
3314,1,2227
3314,0,1992
3314,0,2564
3314,0,1954
3314,0,512
2945,2,77
2945,2,1291
2945,2,2340
2945,1,614
2945,0,2624
2945,0,1922
2945,0,2875
2945,0,817
898,2,52
898,2,2855
898,1,2550
898,0,1764
898,0,2458
898,0,1936
898,0,2623
1307,2,77
1307,2,669
1307,2,897
1307,1,3081
1307,0,2810
1307,0,1715
1307,0,2691
1307,0,2618
381,2,225
381,2,52
381,2,77
381,1,877
381,0,2788
381,0,2859
381,0,1454
381,0,3076
534,2,897
534,2,1291
534,1,1849
534,0,582
534,0,1720
534,0,1123
534,0,2591
1361,2,52
1361,2,77
1361,2,2855
1361,1,1642
1361,0,2709
1361,0,2262
1361,0,1224
1361,0,876
824,2,669
824,2,897
824,1,1498
824,0,1414
824,0,2354
824,0,586
824,0,1703
2495,2,52
2495,2,1291
2495,2,2340
2495,1,601
2495,0,830
2495,0,362
2495,0,513
2495,0,262
2464,2,52
2464,2,3356
2464,1,264
2464,0,1164
2464,0,40
2464,0,2322
2464,0,216
1311,2,52
1311,2,77
1311,2,2855
1311,1,705
1311,0,112
1311,0,3370
1311,0,848
1311,0,3116
1409,2,897
1409,1,3352
1409,0,2055
1409,0,3343
1409,0,250
1409,0,1905
3292,2,669
3292,2,897
3292,2,2744
3292,1,243
3292,0,2825
3292,0,2789
3292,0,2132
3292,0,692
1167,2,669
1167,2,697
1167,1,1012
1167,0,3543
1167,0,1828
1167,0,143
1167,0,3075
1734,2,669
1734,2,2744
1734,1,828
1734,0,63
1734,0,1521
1734,0,483
1734,0,2406
2662,2,897
2662,2,2744
2662,1,2809
2662,0,1939
2662,0,1777
2662,0,619
2662,0,1661
3317,2,697
3317,2,897
3317,2,3356
3317,1,358
3317,0,358
3317,0,2646
3317,0,1643
3317,0,1539
3160,2,1291
3160,2,2340
3160,2,3356
3160,1,3551
3160,0,1914
3160,0,2772
3160,0,1445
3160,0,1567
825,2,399
825,2,897
825,1,2261
825,0,2622
825,0,3403
825,0,3371
825,0,198
2595,2,897
2595,2,2340
2595,2,2855
2595,1,2244
2595,0,1014
2595,0,2844
2595,0,2425
2595,0,2051
1191,2,77
1191,2,669
1191,2,1039
1191,1,2701
1191,0,1383
1191,0,911
1191,0,2444
1191,0,2787
2931,2,52
2931,2,77
2931,2,697
2931,1,1223
2931,0,2709
2931,0,1705
2931,0,1468
2931,0,2620
2806,2,52
2806,2,697
2806,2,2340
2806,1,2571
2806,0,218
2806,0,1960
2806,0,581
2806,0,745
996,2,2340
996,2,3356
996,1,827
996,0,1414
996,0,2343
996,0,2837
996,0,1365
859,2,52
859,2,2855
859,2,3356
859,1,2379
859,0,2917
859,0,781
859,0,1478
859,0,2363
3285,2,52
3285,2,669
3285,2,697
3285,1,60
3285,0,3543
3285,0,2113
3285,0,834
3285,0,1017
168,2,399
168,2,697
168,2,897
168,1,2686
168,0,831
168,0,2780
168,0,581
168,0,1682
2094,2,399
2094,2,897
2094,2,1284
2094,1,2977
2094,0,1855
2094,0,1487
2094,0,2694
2094,0,1707
8,2,52
8,2,77
8,2,2855
8,1,2737
8,0,1608
8,0,3130
8,0,581
8,0,159
1253,2,77
1253,2,1039
1253,2,1044
1253,1,801
1253,0,746
1253,0,985
1253,0,2774
1253,0,2221
279,2,399
279,2,897
279,2,1284
279,1,358
279,0,358
279,0,492
279,0,1615
279,0,93
927,2,399
927,2,669
927,2,897
927,1,845
927,0,3097
927,0,1301
927,0,3383
927,0,1572
3261,2,897
3261,2,3356
3261,1,1071
3261,0,3457
3261,0,2127
3261,0,2885
3261,0,3458
2548,2,1291
2548,2,3356
2548,1,528
2548,0,870
2548,0,1872
2548,0,1520
2548,0,706
2492,2,897
2492,1,166
2492,0,135
2492,0,2349
2492,0,237
2492,0,132
2046,2,897
2046,2,3505
2046,1,1741
2046,0,2220
2046,0,2099
2046,0,1387
2046,0,1088
1077,2,669
1077,2,897
1077,2,2744
1077,1,2393
1077,0,1865
1077,0,1488
1077,0,2529
1077,0,2276
3209,2,897
3209,2,2744
3209,2,2855
3209,1,2571
3209,0,450
3209,0,1501
3209,0,2200
3209,0,3105
3437,2,52
3437,2,697
3437,2,897
3437,1,1618
3437,0,541
3437,0,581
3437,0,258
3437,0,41
2545,2,669
2545,2,897
2545,1,2496
2545,0,1179
2545,0,230
2545,0,2082
2545,0,933
222,2,225
222,2,52
222,2,77
222,1,641
222,0,1490
222,0,1684
222,0,757
222,0,2175
2318,2,77
2318,2,669
2318,2,897
2318,1,3523
2318,0,1467
2318,0,1754
2318,0,489
2318,0,386
1231,2,669
1231,2,897
1231,2,1039
1231,1,64
1231,0,1634
1231,0,2604
1231,0,2411
1231,0,2256
2798,2,897
2798,2,2744
2798,2,3356
2798,1,1906
2798,0,1719
2798,0,1683
2798,0,651
2798,0,785
1072,2,669
1072,2,697
1072,2,897
1072,1,1182
1072,0,3547
1072,0,2087
1072,0,2733
1072,0,73
2637,2,225
2637,2,669
2637,2,1039
2637,1,432
2637,0,434
2637,0,2001
2637,0,2516
2637,0,1318
3001,2,897
3001,2,1291
3001,2,2855
3001,1,1566
3001,0,674
3001,0,2395
3001,0,1808
3001,0,1209
3155,2,52
3155,2,77
3155,2,897
3155,1,99
3155,0,831
3155,0,2276
3155,0,2641
3155,0,1138
648,2,52
648,2,1291
648,2,2855
648,1,2145
648,0,2274
648,0,1555
648,0,1986
648,0,3076
2588,2,52
2588,2,697
2588,2,2993
2588,1,1005
2588,0,928
2588,0,2028
2588,0,2642
2588,0,3116
3460,2,897
3460,2,1291
3460,2,2855
3460,1,1654
3460,0,2854
3460,0,1538
3460,0,2041
3460,0,892
1310,2,897
1310,2,1291
1310,2,2855
1310,1,1083
1310,0,3547
1310,0,136
1310,0,569
1310,0,2801
2198,2,52
2198,2,77
2198,2,669
2198,1,343
2198,0,3547
2198,0,3406
2198,0,1682
2198,0,1515
3063,2,2340
3063,2,2855
3063,2,3356
3063,1,1381
3063,0,960
3063,0,37
3063,0,1880
3063,0,1588
1924,2,697
1924,2,897
1924,2,3356
1924,1,1034
1924,0,1164
1924,0,1456
1924,0,1942
1924,0,665
3467,2,225
3467,2,77
3467,2,669
3467,1,2549
3467,0,934
3467,0,1665
3467,0,1632
3467,0,628
2177,2,52
2177,2,2855
2177,2,3356
2177,1,3524
2177,0,912
2177,0,1795
2177,0,3344
2177,0,1171
533,2,897
533,2,2744
533,1,3380
533,0,545
533,0,2751
533,0,2840
533,0,1880
1335,2,697
1335,2,897
1335,2,3356
1335,1,747
1335,0,746
1335,0,3408
1335,0,3421
1335,0,2817
3581,2,669
3581,2,897
3581,2,2334
3581,1,2497
3581,0,2209
3581,0,1255
3581,0,2622
3581,0,1460
2331,2,897
2331,2,1044
2331,2,2744
2331,1,1402
2331,0,1470
2331,0,2841
2331,0,846
2331,0,1976
636,2,697
636,2,897
636,2,3356
636,1,2550
636,0,2697
636,0,390
636,0,1429
636,0,702
2852,2,697
2852,2,897
2852,2,3356
2852,1,2451
2852,0,43
2852,0,3102
2852,0,408
2852,0,374
0,2,669
0,2,897
0,2,2744
0,1,2080
0,0,3604
0,0,1676
0,0,1156
0,0,582
2328,2,669
2328,2,2744
2328,1,947
2328,0,983
2328,0,3021
2328,0,2675
2328,0,1960
1197,2,897
1197,2,2855
1197,2,3356
1197,1,129
1197,0,2825
1197,0,1158
1197,0,917
1197,0,2475
3162,2,897
3162,2,3505
3162,1,2105
3162,0,295
3162,0,797
3162,0,2773
3162,0,3586
2936,2,52
2936,2,697
2936,2,897
2936,1,264
2936,0,2113
2936,0,2238
2936,0,2663
2936,0,755
3218,2,2855
3218,2,3356
3218,1,2044
3218,0,2113
3218,0,3604
3218,0,1624
3218,0,304
425,2,77
425,2,897
425,2,1291
425,1,2794
425,0,1878
425,0,2514
425,0,2150
425,0,2676
2061,2,669
2061,2,897
2061,2,2334
2061,1,1208
2061,0,560
2061,0,1586
2061,0,2140
2061,0,62
915,2,669
915,2,897
915,2,2744
915,1,3544
915,0,983
915,0,158
915,0,2541
915,0,723
1030,2,52
1030,2,77
1030,2,897
1030,1,2686
1030,0,602
1030,0,1590
1030,0,363
1030,0,2942
561,2,52
561,2,697
561,2,897
561,1,2379
561,0,2917
561,0,842
561,0,1301
561,0,2942
3227,2,77
3227,2,1044
3227,1,2557
3227,0,1319
3227,0,2119
3227,0,2670
3227,0,1813
1235,2,897
1235,2,2744
1235,1,402
1235,0,581
1235,0,3130
1235,0,223
1235,0,1679
260,2,399
260,2,1284
260,2,3356
260,1,2878
260,0,1455
260,0,634
260,0,454
260,0,1755
3170,2,697
3170,2,897
3170,2,3356
3170,1,2686
3170,0,2220
3170,0,2542
3170,0,514
3170,0,1493
3485,2,52
3485,2,897
3485,2,1284
3485,1,201
3485,0,266
3485,0,105
3485,0,3486
3485,0,2764
3534,2,399
3534,2,669
3534,2,897
3534,1,1182
3534,0,3373
3534,0,2087
3534,0,2119
3534,0,132
3443,2,697
3443,2,897
3443,2,3356
3443,1,793
3443,0,645
3443,0,548
3443,0,1959
3443,0,1477
401,2,52
401,2,399
401,2,897
401,1,1162
401,0,397
401,0,3122
401,0,3115
401,0,3477
967,2,52
967,2,897
967,2,2855
967,1,2379
967,0,2142
967,0,1579
967,0,2917
967,0,136
3214,2,77
3214,2,1291
3214,1,941
3214,0,1997
3214,0,283
3214,0,39
3214,0,1853
1184,2,52
1184,2,77
1184,2,2855
1184,1,1129
1184,0,43
1184,0,953
1184,0,492
1184,0,1814
3158,2,52
3158,2,77
3158,2,2340
3158,1,3412
3158,0,1539
3158,0,2622
3158,0,935
3158,0,2864
27,2,669
27,2,897
27,2,2744
27,1,2686
27,0,2780
27,0,46
27,0,98
27,0,2099
1105,2,1291
1105,2,3356
1105,1,2953
1105,0,156
1105,0,3554
1105,0,674
1105,0,475
820,2,52
820,2,2855
820,2,3356
820,1,3415
820,0,831
820,0,2536
820,0,1563
820,0,3471
2020,2,52
2020,2,2855
2020,2,3356
2020,1,2014
2020,0,2854
2020,0,2322
2020,0,2283
2020,0,176
32,2,399
32,2,897
32,1,3113
32,0,704
32,0,1523
32,0,905
32,0,1802
2370,2,52
2370,2,697
2370,2,897
2370,1,2871
2370,0,41
2370,0,869
2370,0,1334
2370,0,2867
1391,2,52
1391,2,697
1391,2,2340
1391,1,624
1391,0,3384
1391,0,2754
1391,0,2676
1391,0,3522
3183,2,52
3183,2,77
3183,2,669
3183,1,3036
3183,0,63
3183,0,795
3183,0,2536
3183,0,1786
3441,2,697
3441,2,897
3441,2,3356
3441,1,124
3441,0,1562
3441,0,571
3441,0,2128
3441,0,1789
171,2,697
171,2,897
171,1,1027
171,0,1027
171,0,1522
171,0,710
171,0,2560
3203,2,2340
3203,2,3356
3203,1,2743
3203,0,1027
3203,0,2574
3203,0,2460
3203,0,1640
1971,2,2340
1971,2,2855
1971,2,3356
1971,1,2375
1971,0,437
1971,0,231
1971,0,46
1971,0,2708
2987,2,52
2987,2,2340
2987,2,2855
2987,1,2386
2987,0,1423
2987,0,976
2987,0,488
2987,0,2170
2483,2,897
2483,2,2744
2483,1,2678
2483,0,1281
2483,0,1164
2483,0,1250
2483,0,1980
3598,2,897
3598,2,3356
3598,1,2319
3598,0,2514
3598,0,1936
3598,0,2642
3598,0,2673
2263,2,897
2263,2,2340
2263,2,2855
2263,1,1508
2263,0,2241
2263,0,1590
2263,0,1855
2263,0,56
882,2,669
882,2,897
882,1,2267
882,0,1798
882,0,1174
882,0,2267
882,0,588
140,2,77
140,2,1039
140,2,1044
140,1,3364
140,0,2205
140,0,1638
140,0,1267
140,0,245
632,2,399
632,2,897
632,2,2993
632,1,2569
632,0,944
632,0,2354
632,0,2748
632,0,1960
1315,2,897
1315,1,1812
1315,0,768
1315,0,1260
1315,0,2920
1315,0,464
3163,2,669
3163,2,897
3163,2,2744
3163,1,2565
3163,0,1521
3163,0,3488
3163,0,1642
3163,0,1595
2010,2,399
2010,2,897
2010,2,2744
2010,1,1508
2010,0,2782
2010,0,1590
2010,0,3542
2010,0,809
1042,2,52
1042,2,77
1042,2,2855
1042,1,1691
1042,0,2279
1042,0,1773
1042,0,2206
1042,0,1451
3312,2,897
3312,2,2855
3312,2,3356
3312,1,3016
3312,0,2202
3312,0,2123
3312,0,344
3312,0,199
666,2,897
666,2,2744
666,2,3356
666,1,1070
666,0,985
666,0,736
666,0,2235
666,0,2681
3161,2,2340
3161,2,3356
3161,1,2699
3161,0,1529
3161,0,2786
3161,0,1869
3161,0,1605
3204,2,2340
3204,2,3356
3204,1,1590
3204,0,1474
3204,0,2646
3204,0,1590
3204,0,154
894,2,52
894,2,897
894,2,1044
894,1,1140
894,0,2029
894,0,869
894,0,2837
894,0,292
1339,2,52
1339,2,77
1339,2,399
1339,1,2746
1339,0,589
1339,0,634
1339,0,449
1339,0,367
1325,2,77
1325,2,669
1325,2,2855
1325,1,2270
1325,0,2034
1325,0,2175
1325,0,804
1325,0,3123
3190,2,52
3190,2,77
3190,2,3356
3190,1,3073
3190,0,3073
3190,0,1489
3190,0,1559
3190,0,867
1025,2,1044
1025,2,1291
1025,1,1051
1025,0,1461
1025,0,2933
1025,0,1555
1025,0,2002
2959,2,1291
2959,2,2340
2959,1,2861
2959,0,1014
2959,0,1725
2959,0,1444
2959,0,1094
3565,2,225
3565,2,77
3565,2,669
3565,1,2669
3565,0,1601
3565,0,1388
3565,0,1462
3565,0,2843
2971,2,52
2971,2,77
2971,2,897
2971,1,2775
2971,0,1867
2971,0,589
2971,0,570
2971,0,2807
2493,2,77
2493,2,1039
2493,2,1044
2493,1,1587
2493,0,1950
2493,0,1301
2493,0,1132
2493,0,2751
3428,2,52
3428,2,77
3428,2,2855
3428,1,2207
3428,0,2932
3428,0,2760
3428,0,3455
3428,0,1683
1730,2,669
1730,2,897
1730,1,1486
1730,0,963
1730,0,2210
1730,0,1524
1730,0,1474
28,2,669
28,2,897
28,1,3402
28,0,3389
28,0,2845
28,0,367
28,0,116
2311,2,697
2311,2,897
2311,2,3356
2311,1,1579
2311,0,1158
2311,0,1712
2311,0,1390
2311,0,871
3286,2,669
3286,2,2744
3286,1,2394
3286,0,514
3286,0,1944
3286,0,1776
3286,0,2414
992,2,225
992,2,669
992,2,1039
992,1,1832
992,0,177
992,0,3068
992,0,1439
992,0,2508
3244,2,669
3244,2,897
3244,1,2350
3244,0,2708
3244,0,245
3244,0,2656
3244,0,186
1982,2,669
1982,2,897
1982,1,1653
1982,0,3026
1982,0,3408
1982,0,1201
1982,0,48
410,2,399
410,2,897
410,2,2993
410,1,370
410,0,2279
410,0,40
410,0,1779
410,0,633
639,2,52
639,2,77
639,2,1044
639,1,2004
639,0,2818
639,0,1958
639,0,2629
639,0,1479
3198,2,52
3198,2,897
3198,2,1284
3198,1,690
3198,0,594
3198,0,541
3198,0,362
3198,0,1000
3439,2,52
3439,2,77
3439,2,2855
3439,1,1678
3439,0,1501
3439,0,1132
3439,0,2459
3439,0,486
3233,2,52
3233,2,77
3233,2,2340
3233,1,1083
3233,0,1528
3233,0,1687
3233,0,1956
3233,0,2568
147,2,697
147,2,897
147,2,2340
147,1,196
147,0,2785
147,0,1855
147,0,1087
147,0,1969
1839,2,52
1839,1,1633
1839,0,765
1839,0,91
1839,0,1176
1839,0,1496
3254,2,52
3254,2,77
3254,2,1039
3254,1,2044
3254,0,2424
3254,0,2402
3254,0,1400
3254,0,842
2902,2,669
2902,2,2744
2902,1,1416
2902,0,1488
2902,0,514
2902,0,2700
2902,0,964
3531,2,669
3531,2,897
3531,2,2744
3531,1,1854
3531,0,514
3531,0,2155
3531,0,1378
3531,0,830
2312,2,399
2312,2,897
2312,2,2993
2312,1,377
2312,0,436
2312,0,2727
2312,0,1651
2312,0,2568
1168,2,52
1168,2,1044
1168,2,3356
1168,1,2111
1168,0,2403
1168,0,1017
1168,0,2808
1168,0,2144
3459,2,399
3459,2,897
3459,2,2993
3459,1,218
3459,0,1390
3459,0,2298
3459,0,868
3459,0,1132
1333,2,52
1333,2,897
1333,2,1044
1333,1,3098
1333,0,1271
1333,0,2262
1333,0,1620
1333,0,3015
3061,2,77
3061,2,2855
3061,2,3356
3061,1,753
3061,0,634
3061,0,2756
3061,0,587
3061,0,2259
443,2,225
443,2,77
443,2,669
443,1,2101
443,0,1807
443,0,393
443,0,984
443,0,1724
2341,2,897
2341,2,2340
2341,2,3356
2341,1,2408
2341,0,2235
2341,0,2430
2341,0,1026
2341,0,1935
70,2,897
70,2,2744
70,1,244
70,0,2354
70,0,2727
70,0,3574
70,0,1431
3185,2,697
3185,2,897
3185,2,2340
3185,1,2251
3185,0,3390
3185,0,2430
3185,0,1432
3185,0,2160
2925,2,669
2925,2,2744
2925,2,2993
2925,1,206
2925,0,158
2925,0,1911
2925,0,560
2925,0,3495
707,2,669
707,2,1039
707,1,2874
707,0,3543
707,0,2113
707,0,1974
707,0,3345
1946,2,897
1946,2,1291
1946,2,2340
1946,1,2145
1946,0,1862
1946,0,582
1946,0,2676
1946,0,522
2383,2,52
2383,2,897
2383,2,2993
2383,1,1509
2383,0,2879
2383,0,864
2383,0,164
2383,0,513
1213,2,52
1213,2,77
1213,2,669
1213,1,2004
1213,0,2796
1213,0,2112
1213,0,2647
1213,0,1097
2315,2,897
2315,2,2340
2315,2,2855
2315,1,907
2315,0,2814
2315,0,1836
2315,0,873
2315,0,2761
2185,2,225
2185,2,52
2185,2,669
2185,1,3397
2185,0,3543
2185,0,1651
2185,0,436
2185,0,3373
1127,2,52
1127,2,697
1127,2,897
1127,1,2766
1127,0,2882
1127,0,2785
1127,0,983
1127,0,1178
413,2,52
413,2,697
413,2,897
413,1,1497
413,0,2190
413,0,1008
413,0,855
413,0,2236
1261,2,669
1261,2,897
1261,2,2744
1261,1,1811
1261,0,1521
1261,0,1522
1261,0,2323
1261,0,3434
1876,2,225
1876,2,52
1876,2,77
1876,1,106
1876,0,1383
1876,0,492
1876,0,908
1876,0,218
3298,2,697
3298,2,897
3298,1,3596
3298,0,2147
3298,0,2948
3298,0,1831
3298,0,2456
1239,2,897
1239,1,1599
1239,0,1064
1239,0,2390
1239,0,198
1239,0,2302
3557,2,897
3557,1,818
3557,0,1528
3557,0,1617
3557,0,1130
3557,0,1369
1289,2,669
1289,2,697
1289,1,2896
1289,0,1474
1289,0,566
1289,0,1490
1289,0,3034
2307,2,897
2307,1,3573
2307,0,242
2307,0,265
2307,0,3070
2307,0,2509
1269,2,52
1269,2,77
1269,2,1044
1269,1,1220
1269,0,2748
1269,0,2892
1269,0,890
1269,0,1597
349,2,897
349,2,1044
349,2,2744
349,1,2678
349,0,137
349,0,3496
349,0,984
349,0,100
3409,2,669
3409,2,897
3409,1,2085
3409,0,2826
3409,0,2562
3409,0,2248
3409,0,3348
3268,2,897
3268,2,1044
3268,2,3356
3268,1,2557
3268,0,2622
3268,0,2113
3268,0,2832
3268,0,3068
3141,2,399
3141,2,697
3141,2,897
3141,1,193
3141,0,436
3141,0,541
3141,0,2815
3141,0,2133
878,2,669
878,2,897
878,2,2744
878,1,1676
878,0,1676
878,0,2854
878,0,1720
878,0,3411
345,2,52
345,2,697
345,2,897
345,1,1449
345,0,1327
345,0,2680
345,0,572
345,0,1809
13,2,2855
13,1,1594
13,0,2530
13,0,439
13,0,285
13,0,1804
1101,2,52
1101,2,399
1101,2,897
1101,1,1139
1101,0,2154
1101,0,1218
1101,0,2062
1101,0,1820
2332,2,52
2332,2,669
2332,2,2744
2332,1,2489
2332,0,234
2332,0,2814
2332,0,3369
2332,0,1444
3302,2,77
3302,2,669
3302,2,897
3302,1,364
3302,0,364
3302,0,1868
3302,0,1641
3302,0,1786
888,2,669
888,2,697
888,2,897
888,1,2683
888,0,2911
888,0,3414
888,0,1844
888,0,1848
3461,2,52
3461,2,1044
3461,2,1291
3461,1,2342
3461,0,1769
3461,0,2219
3461,0,1343
3461,0,3023
261,2,897
261,2,1291
261,1,1904
261,0,3549
261,0,571
261,0,3049
1104,2,1291
1104,1,2084
1104,0,1471
1104,0,160
1104,0,836
1104,0,751
3085,2,52
3085,2,3356
3085,1,2462
3085,0,1958
3085,0,1076
3085,0,2057
3085,0,1040
3418,2,52
3418,2,77
3418,2,2340
3418,1,1934
3418,0,654
3418,0,423
3418,0,492
3418,0,1769
3571,2,52
3571,2,77
3571,2,1044
3571,1,452
3571,0,2512
3571,0,1301
3571,0,1236
3571,0,1040
3188,2,669
3188,2,897
3188,2,2744
3188,1,3546
3188,0,2038
3188,0,2214
3188,0,3405
3188,0,487
3328,2,697
3328,2,897
3328,2,2340
3328,1,687
3328,0,1797
3328,0,2657
3328,0,1218
3328,0,1116
2409,2,77
2409,2,669
2409,2,1039
2409,1,2922
2409,0,364
2409,0,2726
2409,0,2480
2409,0,852
2007,2,669
2007,2,897
2007,2,2744
2007,1,936
2007,0,1414
2007,0,245
2007,0,1708
2007,0,2450
3246,2,669
3246,1,1018
3246,0,1430
3246,0,2898
3246,0,2633
3246,0,1986
3229,2,669
3229,2,897
3229,2,1291
3229,1,426
3229,0,1753
3229,0,1265
3229,0,1228
3229,0,887
2188,2,897
2188,2,1291
2188,2,3356
2188,1,2222
2188,0,165
2188,0,2621
2188,0,811
2188,0,1408
3498,2,225
3498,2,77
3498,2,1039
3498,1,200
3498,0,360
3498,0,946
3498,0,1504
3498,0,1095
1861,2,669
1861,2,2744
1861,1,1704
1861,0,2898
1861,0,1780
1861,0,2529
1861,0,1944
2985,2,2340
2985,2,2744
2985,2,2855
2985,1,907
2985,0,1414
2985,0,2255
2985,0,3478
2985,0,1513
1925,2,697
1925,2,897
1925,1,1618
1925,0,3390
1925,0,2932
1925,0,1222
1925,0,1477
3464,2,897
3464,2,1291
3464,2,2340
3464,1,1949
3464,0,1264
3464,0,2149
3464,0,686
3464,0,2928
172,2,669
172,1,1644
172,0,1475
172,0,157
172,0,2883
172,0,591
3295,2,399
3295,2,897
3295,1,1122
3295,0,3547
3295,0,3130
3295,0,1406
3295,0,459
2653,2,669
2653,2,897
2653,2,3356
2653,1,719
2653,0,764
2653,0,2134
2653,0,2345
2653,0,2696
3297,2,669
3297,2,3528
3297,1,1084
3297,0,63
3297,0,3123
3297,0,1670
3297,0,3103
1090,2,897
1090,2,1284
1090,2,3505
1090,1,1092
1090,0,2577
1090,0,2535
1090,0,1009
1090,0,2095
3497,2,897
3497,2,1291
3497,2,2855
3497,1,1272
3497,0,2976
3497,0,184
3497,0,3433
3497,0,2229
1196,2,897
1196,1,644
1196,0,644
1196,0,350
1196,0,616
1196,0,82
496,2,669
496,2,897
496,1,1636
496,0,437
496,0,2941
496,0,736
496,0,2668
3086,2,1044
3086,2,1291
3086,2,3356
3086,1,1656
3086,0,724
3086,0,1794
3086,0,2674
3086,0,2502
2964,2,897
2964,2,2744
2964,1,1710
2964,0,974
2964,0,2613
2964,0,1028
2964,0,470
3473,2,52
3473,2,669
3473,2,1044
3473,1,2114
3473,0,3602
3473,0,2022
3473,0,752
3473,0,1118
3071,2,897
3071,2,1291
3071,2,2335
3071,1,3364
3071,0,1638
3071,0,1267
3071,0,94
3071,0,3371
2978,2,697
2978,2,897
2978,2,2340
2978,1,79
2978,0,256
2978,0,1510
2978,0,46
2978,0,654
1352,2,1291
1352,2,2340
1352,2,3356
1352,1,1447
1352,0,2514
1352,0,2756
1352,0,3448
1352,0,1972
2590,2,669
2590,2,2334
2590,1,90
2590,0,211
2590,0,1672
2590,0,90
2590,0,2843
3259,2,897
3259,1,1287
3259,0,965
3259,0,798
3259,0,1385
3259,0,1582
2602,2,399
2602,2,697
2602,2,897
2602,1,2231
2602,0,602
2602,0,1638
2602,0,608
2602,0,1477
430,2,897
430,1,2679
430,0,958
430,0,2504
430,0,1014
430,0,942
3109,2,52
3109,2,77
3109,2,669
3109,1,1659
3109,0,2187
3109,0,3541
3109,0,3552
3109,0,2429
914,2,697
914,2,897
914,2,2340
914,1,773
914,0,2354
914,0,3484
914,0,288
914,0,1673
3177,2,897
3177,1,2952
3177,0,1157
3177,0,2391
3177,0,2810
3177,0,1028
2579,2,52
2579,2,669
2579,2,697
2579,1,779
2579,0,2898
2579,0,1430
2579,0,1136
2579,0,757
3199,2,669
3199,2,897
3199,2,2744
3199,1,1645
3199,0,912
3199,0,476
3199,0,3483
3199,0,1431
1188,2,697
1188,2,897
1188,2,2340
1188,1,358
1188,0,2322
1188,0,917
1188,0,541
1188,0,2255
3222,2,52
3222,2,669
3222,2,697
3222,1,2523
3222,0,2825
3222,0,2233
3222,0,2197
3222,0,823
1886,2,897
1886,1,2203
1886,0,1367
1886,0,202
1886,0,2742
1886,0,932
233,2,897
233,2,2744
233,1,1587
233,0,1801
233,0,1705
233,0,43
233,0,2152
2651,2,697
2651,2,897
2651,2,2340
2651,1,103
2651,0,1014
2651,0,797
2651,0,985
2651,0,713
3107,2,77
3107,2,669
3107,2,2744
3107,1,2897
3107,0,2113
3107,0,2897
3107,0,161
3107,0,1550
2491,2,669
2491,2,697
2491,2,897
2491,1,2207
2491,0,2113
2491,0,909
2491,0,258
2491,0,3416
412,2,77
412,2,897
412,2,3356
412,1,936
412,0,1939
412,0,864
412,0,1522
412,0,1750
843,2,399
843,2,697
843,2,897
843,1,309
843,0,655
843,0,2649
843,0,107
843,0,1435
578,2,697
578,2,897
578,2,3356
578,1,740
578,0,3390
578,0,1138
578,0,2430
578,0,1591
3237,2,897
3237,2,1284
3237,2,3356
3237,1,1785
3237,0,1539
3237,0,258
3237,0,457
3237,0,1222
1198,2,52
1198,2,77
1198,2,2855
1198,1,2118
1198,0,2789
1198,0,408
1198,0,2561
1198,0,2112
3507,2,52
3507,2,669
3507,1,1628
3507,0,119
3507,0,2238
3507,0,3335
3507,0,3127
3278,2,1291
3278,1,1085
3278,0,3346
3278,0,2081
3278,0,1922
3278,0,188
1010,2,52
1010,2,697
1010,2,2340
1010,1,2266
1010,0,3073
1010,0,290
1010,0,22
1010,0,3490
2008,2,669
2008,2,2744
2008,1,605
2008,0,1967
2008,0,2807
2008,0,603
2008,0,1412
3172,2,669
3172,1,281
3172,0,2056
3172,0,356
3172,0,2705
3172,0,153
3138,2,52
3138,2,897
3138,2,3356
3138,1,1499
3138,0,501
3138,0,3577
3138,0,1753
3138,0,1560
3234,2,52
3234,2,77
3234,2,2855
3234,1,1083
3234,0,1528
3234,0,1687
3234,0,1956
3234,0,3562
3515,2,897
3515,2,2340
3515,2,3356
3515,1,2040
3515,0,3361
3515,0,1601
3515,0,1033
3515,0,1491
2006,2,669
2006,2,897
2006,2,2744
2006,1,3536
2006,0,1769
2006,0,583
2006,0,3574
2006,0,981
3279,2,52
3279,2,1044
3279,2,1291
3279,1,1244
3279,0,1967
3279,0,1453
3279,0,2720
3279,0,1516
2899,2,897
2899,2,2744
2899,1,1122
2899,0,3547
2899,0,2755
2899,0,3562
2899,0,2219
3252,2,399
3252,2,897
3252,1,3393
3252,0,655
3252,0,1157
3252,0,1267
3252,0,833
1306,2,399
1306,2,897
1306,1,3031
1306,0,3052
1306,0,1894
1306,0,461
1306,0,1957
1726,2,52
1726,2,77
1726,2,2855
1726,1,891
1726,0,1256
1726,0,2823
1726,0,1451
1726,0,2615
3419,2,225
3419,2,77
3419,2,669
3419,1,1929
3419,0,3389
3419,0,3362
3419,0,1574
3419,0,2369
3374,2,897
3374,2,2340
3374,2,3356
3374,1,3404
3374,0,1138
3374,0,655
3374,0,3390
3374,0,2112
2660,2,52
2660,2,1291
2660,2,2855
2660,1,2533
2660,0,2280
2660,0,2940
2660,0,2257
2660,0,294
814,2,897
814,2,2744
814,1,1145
814,0,134
814,0,2907
814,0,1874
814,0,2599
1154,2,399
1154,2,897
1154,1,2223
1154,0,655
1154,0,1705
1154,0,2406
1154,0,1910
2589,2,52
2589,2,77
2589,2,897
2589,1,2533
2589,0,1857
2589,0,974
2589,0,1841
2589,0,68
1962,2,77
1962,2,897
1962,2,1044
1962,1,214
1962,0,3066
1962,0,1363
1962,0,69
1962,0,3079
1225,2,897
1225,2,1039
1225,1,1906
1225,0,2675
1225,0,1573
1225,0,540
1225,0,2842
2,2,669
2,2,897
2,2,2744
2,1,1457
2,0,560
2,0,2755
2,0,595
2,0,1518
1313,2,897
1313,2,2744
1313,2,2855
1313,1,2268
1313,0,2239
1313,0,3046
1313,0,308
1313,0,474
1984,2,52
1984,2,77
1984,2,3356
1984,1,1934
1984,0,489
1984,0,1743
1984,0,3370
1984,0,2059
3275,2,669
3275,2,2744
3275,1,507
3275,0,3527
3275,0,610
3275,0,2477
3275,0,2446
1108,2,697
1108,2,897
1108,2,1291
1108,1,2224
1108,0,2354
1108,0,3369
1108,0,2239
1108,0,438
3106,2,669
3106,2,1044
3106,1,2897
3106,0,2113
3106,0,2276
3106,0,2897
3106,0,1592
2610,2,52
2610,2,669
2610,2,697
2610,1,2719
2610,0,489
2610,0,1266
2610,0,2322
2610,0,2133
320,2,77
320,2,897
320,2,2744
320,1,348
320,0,2406
320,0,1301
320,0,2926
320,0,922
1049,2,52
1049,2,697
1049,2,897
1049,1,1163
1049,0,909
1049,0,391
1049,0,2057
1049,0,2163
3281,2,697
3281,2,1291
3281,2,3356
3281,1,2083
3281,0,1690
3281,0,384
3281,0,108
3281,0,2749
3136,2,2744
3136,2,2855
3136,2,3356
3136,1,1162
3136,0,2142
3136,0,973
3136,0,1981
3136,0,1068
3228,2,669
3228,2,897
3228,2,2744
3228,1,1621
3228,0,2917
3228,0,566
3228,0,2676
3228,0,234
3249,2,697
3249,2,897
3249,1,775
3249,0,2709
3249,0,2710
3249,0,3478
3249,0,391
646,2,697
646,2,897
646,2,2340
646,1,1606
646,0,1000
646,0,2646
646,0,1561
646,0,633
3429,2,52
3429,2,77
3429,2,2855
3429,1,2207
3429,0,2932
3429,0,2187
3429,0,1683
3429,0,3455
1890,2,225
1890,2,1044
1890,1,2218
1890,0,986
1890,0,3394
1890,0,336
1890,0,324
3156,2,225
3156,2,77
3156,2,669
3156,1,1671
3156,0,855
3156,0,3601
3156,0,560
3156,0,2748
1340,2,897
1340,2,2340
1340,2,3505
1340,1,827
1340,0,2013
1340,0,2344
1340,0,2174
1340,0,2336
3221,2,669
3221,2,2744
3221,1,421
3221,0,364
3221,0,2255
3221,0,2069
3221,0,1543
1243,2,225
1243,2,669
1243,2,1039
1243,1,1161
1243,0,943
1243,0,478
1243,0,1301
1243,0,2726
997,2,669
997,1,889
997,0,72
997,0,1825
997,0,1541
997,0,1827
3311,2,1291
3311,2,2340
3311,2,3356
3311,1,491
3311,0,2869
3311,0,1983
3311,0,1152
3311,0,109
2423,2,52
2423,2,77
2423,2,897
2423,1,762
2423,0,2780
2423,0,1522
2423,0,256
2423,0,985
2372,2,669
2372,1,2393
2372,0,2898
2372,0,2756
2372,0,3585
2372,0,1980
2436,2,897
2436,1,1904
2436,0,571
2436,0,3009
2436,0,3549
2436,0,1451
3540,2,77
3540,2,399
3540,2,897
3540,1,1498
3540,0,2649
3540,0,1909
3540,0,1124
3540,0,2260
1215,2,669
1215,1,828
1215,0,63
1215,0,2805
1215,0,1829
1215,0,597
406,2,1291
406,2,3356
406,1,65
406,0,1422
406,0,509
406,0,678
406,0,441
3251,2,52
3251,2,897
3251,2,1039
3251,1,1244
3251,0,1398
3251,0,1406
3251,0,3095
3251,0,3521
761,2,669
761,2,1044
761,2,1291
761,1,3364
761,0,1638
761,0,2256
761,0,1016
761,0,1267
1106,2,669
1106,2,2744
1106,1,3544
1106,0,2276
1106,0,1746
1106,0,2505
1106,0,1519
3238,2,897
3238,2,2340
3238,2,2744
3238,1,2375
3238,0,935
3238,0,1551
3238,0,2524
3238,0,2770
3134,2,52
3134,2,77
3134,2,669
3134,1,1583
3134,0,1958
3134,0,437
3134,0,2917
3134,0,1551
3215,2,3356
3215,1,65
3215,0,730
3215,0,2927
3215,0,2063
3215,0,1589
3245,2,669
3245,1,2922
3245,0,3488
3245,0,2480
3245,0,2756
3245,0,45
2517,2,77
2517,2,669
2517,2,2855
2517,1,1204
2517,0,2951
2517,0,2396
2517,0,2898
2517,0,2204
3339,2,669
3339,2,897
3339,2,1044
3339,1,2947
3339,0,1552
3339,0,198
3339,0,1537
3339,0,3403
3173,2,2340
3173,2,3356
3173,1,2746
3173,0,3389
3173,0,313
3173,0,1495
3173,0,1319
2330,2,669
2330,2,897
2330,1,485
2330,0,925
2330,0,476
2330,0,2360
2330,0,3574
1303,2,77
1303,2,897
1303,2,1039
1303,1,2125
1303,0,295
1303,0,582
1303,0,622
1303,0,363
3153,2,1291
3153,2,3356
3153,1,2481
3153,0,982
3153,0,1843
3153,0,1917
3153,0,2021
422,2,52
422,2,897
422,2,2744
422,1,2686
422,0,1939
422,0,2780
422,0,2112
422,0,1187
1859,2,897
1859,2,2744
1859,1,3121
1859,0,602
1859,0,545
1859,0,2359
1859,0,456
3280,2,52
3280,2,77
3280,2,1044
3280,1,2699
3280,0,448
3280,0,1559
3280,0,2088
3280,0,2259
3157,2,669
3157,1,361
3157,0,2197
3157,0,1865
3157,0,2555
3157,0,956
1238,2,52
1238,2,399
1238,2,897
1238,1,1657
1238,0,928
1238,0,3469
1238,0,2708
1238,0,2768
938,2,897
938,2,2340
938,2,2744
938,1,1701
938,0,2666
938,0,2979
938,0,2486
938,0,527
3442,2,77
3442,2,897
3442,2,3528
3442,1,1013
3442,0,1501
3442,0,2142
3442,0,1230
3442,0,1682
3514,2,897
3514,2,2334
3514,2,2744
3514,1,2169
3514,0,3585
3514,0,3525
3514,0,977
3514,0,1663
30,2,669
30,2,2744
30,2,3528
30,1,2897
30,0,2897
30,0,570
30,0,1958
30,0,161
2467,2,3356
2467,1,598
2467,0,462
2467,0,1766
2467,0,219
2467,0,1557
2771,2,669
2771,2,897
2771,2,2744
2771,1,3511
2771,0,1967
2771,0,1232
2771,0,3082
2771,0,3033
2478,2,1291
2478,2,3356
2478,1,2269
2478,0,954
2478,0,2035
2478,0,240
2478,0,1274
2544,2,77
2544,2,1039
2544,2,1044
2544,1,3354
2544,0,1989
2544,0,121
2544,0,442
2544,0,2364
1079,2,697
1079,2,897
1079,2,2340
1079,1,1207
1079,0,256
1079,0,2785
1079,0,796
1079,0,2754
2443,2,1291
2443,2,2340
2443,1,2269
2443,0,1758
2443,0,450
2443,0,1778
2443,0,2752
1336,2,669
1336,2,697
1336,2,897
1336,1,2124
1336,0,654
1336,0,449
1336,0,633
1336,0,948
3342,2,52
3342,2,669
3342,2,2744
3342,1,2179
3342,0,2649
3342,0,594
3342,0,3390
3342,0,3360
2043,2,399
2043,2,897
2043,2,1284
2043,1,1058
2043,0,3100
2043,0,1763
2043,0,1148
2043,0,2955
3299,2,77
3299,2,897
3299,1,1618
3299,0,3484
3299,0,570
3299,0,1862
3299,0,2710
1923,2,897
1923,2,3356
1923,1,916
1923,0,46
1923,0,837
1923,0,1743
1923,0,854
841,2,897
841,1,1420
841,0,1900
841,0,2182
841,0,2765
841,0,2684
671,2,52
671,2,77
671,2,1044
671,1,2084
671,0,1483
671,0,2748
671,0,2758
671,0,3020
3197,2,52
3197,2,399
3197,2,897
3197,1,788
3197,0,2113
3197,0,602
3197,0,177
3197,0,2196
314,2,897
314,2,2334
314,1,1856
314,0,1098
314,0,1820
314,0,1660
314,0,3120
576,2,669
576,2,897
576,1,1642
576,0,1642
576,0,2709
576,0,2854
576,0,908
1032,2,897
1032,2,3356
1032,2,3505
1032,1,1146
1032,0,1266
1032,0,41
1032,0,94
1032,0,339
913,2,52
913,2,2340
913,2,3356
913,1,705
913,0,2932
913,0,2255
913,0,2755
913,0,2211
3293,2,1291
3293,2,2855
3293,2,3356
3293,1,1427
3293,0,1014
3293,0,1936
3293,0,2166
3293,0,67
2484,2,669
2484,2,897
2484,2,2744
2484,1,2628
2484,0,38
2484,0,272
2484,0,2829
2484,0,424
994,2,52
994,2,2855
994,1,1146
994,0,1249
994,0,295
994,0,1230
994,0,48
1344,2,52
1344,2,77
1344,2,1044
1344,1,3045
1344,0,1249
1344,0,545
1344,0,2932
1344,0,1756
2498,2,897
2498,2,2340
2498,2,2744
2498,1,1417
2498,0,2356
2498,0,523
2498,0,317
2498,0,1735
1280,2,897
1280,1,366
1280,0,3391
1280,0,1536
1280,0,2941
1280,0,2029
2603,2,52
2603,2,77
2603,2,3356
2603,1,2079
2603,0,737
2603,0,2448
2603,0,2139
2603,0,1706
3142,2,52
3142,2,697
3142,2,3356
3142,1,3502
3142,0,2942
3142,0,2257
3142,0,3416
3142,0,257
1297,2,225
1297,2,52
1297,2,77
1297,1,808
1297,0,1494
1297,0,1164
1297,0,626
1297,0,689
1893,2,897
1893,2,1044
1893,2,2340
1893,1,2044
1893,0,2524
1893,0,495
1893,0,1513
1893,0,419
3201,2,897
3201,2,2855
3201,1,762
3201,0,1301
3201,0,2622
3201,0,2881
3201,0,961
537,2,225
537,2,77
537,2,669
537,1,1622
537,0,2480
537,0,1902
537,0,2209
537,0,976
19,2,1291
19,2,3356
19,1,2704
19,0,2066
19,0,2671
19,0,1502
19,0,2929
1061,2,52
1061,2,3356
1061,1,3453
1061,0,48
1061,0,3525
1061,0,1988
1061,0,117
557,2,669
557,1,1283
557,0,2050
557,0,1610
557,0,2412
557,0,901
3271,2,399
3271,2,897
3271,1,2141
3271,0,842
3271,0,1536
3271,0,2067
3271,0,2626
3465,2,52
3465,2,2340
3465,2,3356
3465,1,1492
3465,0,1958
3465,0,846
3465,0,1466
3465,0,84
2890,2,52
2890,2,2340
2890,2,2855
2890,1,3098
2890,0,2789
2890,0,2358
2890,0,2151
2890,0,363
2329,2,697
2329,2,897
2329,2,3356
2329,1,484
2329,0,1826
2329,0,822
2329,0,3553
2329,0,733
3423,2,669
3423,2,2744
3423,1,58
3423,0,511
3423,0,1193
3423,0,2250
3423,0,2267
352,2,669
352,2,897
352,2,2744
352,1,587
352,0,587
352,0,138
352,0,980
352,0,1607
521,2,399
521,2,897
521,2,3356
521,1,2525
521,0,3389
521,0,339
521,0,340
521,0,548
3303,2,897
3303,1,1569
3303,0,2751
3303,0,1000
3303,0,3335
3303,0,85
2172,2,52
2172,2,77
2172,2,1039
2172,1,3047
2172,0,368
2172,0,1681
2172,0,2088
2172,0,207
1294,2,225
1294,2,669
1294,2,1039
1294,1,1155
1294,0,63
1294,0,211
1294,0,2889
1294,0,1829
1237,2,52
1237,2,697
1237,2,897
1237,1,2553
1237,0,3547
1237,0,570
1237,0,1474
1237,0,1407
2960,2,669
2960,1,1484
2960,0,178
2960,0,3373
2960,0,2175
2960,0,1329
3194,2,669
3194,2,697
3194,2,3356
3194,1,2014
3194,0,2708
3194,0,2256
3194,0,848
3194,0,1609
3595,2,669
3595,2,2744
3595,1,1835
3595,0,2898
3595,0,947
3595,0,691
3595,0,1166
2045,2,225
2045,2,669
2045,2,897
2045,1,640
2045,0,1143
2045,0,2961
2045,0,2538
2045,0,2253
2075,2,52
2075,2,697
2075,2,3356
2075,1,296
2075,0,2818
2075,0,947
2075,0,1451
2075,0,2077
2422,2,669
2422,2,2744
2422,1,1374
2422,0,2359
2422,0,306
2422,0,1830
2422,0,538
2658,2,77
2658,2,399
2658,2,897
2658,1,3522
2658,0,602
2658,0,3035
2658,0,1534
2658,0,3588
839,2,225
839,2,77
839,2,669
839,1,2575
839,0,3026
839,0,1868
839,0,375
839,0,2291
35,2,697
35,2,897
35,2,2340
35,1,2863
35,0,1958
35,0,730
35,0,780
35,0,429
3331,2,52
3331,2,669
3331,2,2855
3331,1,929
3331,0,2951
3331,0,2396
3331,0,2119
3331,0,2754
3576,2,669
3576,2,1044
3576,2,1291
3576,1,1835
3576,0,1970
3576,0,1246
3576,0,1638
3576,0,53
2900,2,669
2900,2,697
2900,1,2124
2900,0,654
2900,0,3562
2900,0,2814
2900,0,630
378,2,225
378,2,52
378,2,77
378,1,2723
378,0,2642
378,0,700
378,0,218
378,0,2727
1394,2,52
1394,2,897
1394,2,3356
1394,1,1815
1394,0,594
1394,0,1826
1394,0,1801
1394,0,1815
6,2,1044
6,2,1291
6,1,2266
6,0,1608
6,0,2823
6,0,2131
6,0,2520
3202,2,697
3202,2,897
3202,2,3356
3202,1,2776
3202,0,2113
3202,0,1554
3202,0,1615
3202,0,471
2597,2,52
2597,2,77
2597,2,1044
2597,1,2272
2597,0,1414
2597,0,1150
2597,0,363
2597,0,132
3308,2,669
3308,2,897
3308,2,2744
3308,1,1443
3308,0,2279
3308,0,2909
3308,0,1880
3308,0,1525
34,2,399
34,2,897
34,2,2744
34,1,175
34,0,789
34,0,2754
34,0,3386
34,0,1384
3456,2,52
3456,2,897
3456,2,1284
3456,1,2098
3456,0,2403
3456,0,3401
3456,0,3346
3456,0,2143
3444,2,52
3444,2,77
3444,2,669
3444,1,1093
3444,0,2333
3444,0,1919
3444,0,2226
3444,0,937
2071,2,1291
2071,2,3356
2071,1,204
2071,0,1553
2071,0,2414
2071,0,2186
2071,0,1368
2474,2,1291
2474,2,2340
2474,2,3356
2474,1,1492
2474,0,3478
2474,0,2561
2474,0,1366
2474,0,504
3375,2,669
3375,2,2744
3375,1,3561
3375,0,3561
3375,0,2542
3375,0,1546
3375,0,963
1043,2,225
1043,2,77
1043,2,669
1043,1,3523
1043,0,1158
1043,0,2200
1043,0,386
1043,0,1487
1350,2,697
1350,2,897
1350,2,2340
1350,1,2991
1350,0,831
1350,0,645
1350,0,1579
1350,0,628
1316,2,697
1316,2,897
1316,2,2340
1316,1,1629
1316,0,2574
1316,0,1473
1316,0,1759
1316,0,1751
4,2,77
4,2,399
4,2,897
4,1,753
4,0,1430
4,0,166
4,0,1773
4,0,2876
236,2,1291
236,2,2340
236,2,3356
236,1,1631
236,0,3509
236,0,238
236,0,131
236,0,3410
3558,2,1291
3558,2,3356
3558,1,1631
3558,0,1790
3558,0,951
3558,0,54
3558,0,2277
3057,2,897
3057,2,2744
3057,2,3505
3057,1,2849
3057,0,2258
3057,0,1871
3057,0,2087
3057,0,1001
3239,2,77
3239,2,1044
3239,2,2340
3239,1,3125
3239,0,628
3239,0,1966
3239,0,1262
3239,0,194
1113,2,52
1113,2,77
1113,2,2855
1113,1,3024
1113,0,830
1113,0,560
1113,0,2117
1113,0,68
612,2,399
612,2,897
612,1,270
612,0,2646
612,0,2208
612,0,3421
612,0,2089
2073,2,897
2073,2,3356
2073,1,861
2073,0,2932
2073,0,1411
2073,0,1138
2073,0,1773
694,2,1291
694,2,3356
694,1,2566
694,0,2247
694,0,1008
694,0,2348
694,0,2749
2937,2,897
2937,2,1291
2937,2,3356
2937,1,1046
2937,0,2354
2937,0,567
2937,0,1404
2937,0,2450
3327,2,52
3327,2,77
3327,2,1044
3327,1,2159
3327,0,2103
3327,0,2384
3327,0,765
3327,0,2940
1214,2,52
1214,2,1291
1214,2,3356
1214,1,2718
1214,0,1878
1214,0,2758
1214,0,759
1214,0,3607
858,2,669
858,1,1480
858,0,532
858,0,3476
858,0,2407
858,0,2143
2732,2,897
2732,2,2993
2732,1,3073
2732,0,3073
2732,0,271
2732,0,2281
2732,0,498
850,2,669
850,2,1039
850,1,772
850,0,3590
850,0,2706
850,0,844
850,0,3035
1459,2,897
1459,2,2744
1459,1,539
1459,0,2205
1459,0,2220
1459,0,1451
1459,0,3053
1074,2,52
1074,2,77
1074,2,669
1074,1,213
1074,0,2154
1074,0,1772
1074,0,883
1074,0,127
3181,2,669
3181,1,1901
3181,0,2796
3181,0,228
3181,0,1601
3181,0,363
3263,2,2340
3263,2,2744
3263,2,3356
3263,1,1006
3263,0,1764
3263,0,1439
3263,0,3520
3263,0,1002
329,2,697
329,2,897
329,1,701
329,0,74
329,0,2091
329,0,1953
329,0,2070
3579,2,52
3579,2,669
3579,1,828
3579,0,63
3579,0,1635
3579,0,987
3579,0,2401
1031,2,697
1031,2,897
1031,2,2340
1031,1,1149
1031,0,183
1031,0,1797
1031,0,623
1031,0,2289
2162,2,399
2162,2,897
2162,2,2744
2162,1,87
2162,0,1014
2162,0,2803
2162,0,1760
2162,0,3589
1290,2,669
1290,2,697
1290,1,2874
1290,0,1474
1290,0,1490
1290,0,566
1290,0,1521
24,2,897
24,2,3356
24,1,2015
24,0,3361
24,0,2160
24,0,2629
24,0,712
2192,2,897
2192,1,1904
2192,0,1855
2192,0,571
2192,0,1841
2192,0,119
3290,2,225
3290,2,77
3290,2,669
3290,1,2745
3290,0,223
3290,0,1803
3290,0,2471
3290,0,490
3466,2,52
3466,2,3356
3466,1,3415
3466,0,831
3466,0,594
3466,0,2755
3466,0,1015
1065,2,897
1065,2,3356
1065,1,2723
1065,0,831
1065,0,2348
1065,0,876
1065,0,1615
1285,2,225
1285,2,77
1285,2,669
1285,1,3365
1285,0,1568
1285,0,2687
1285,0,3030
1285,0,1529
1889,2,697
1889,2,897
1889,2,2340
1889,1,1180
1889,0,1157
1889,0,1570
1889,0,3074
1889,0,883
2183,2,3356
2183,1,2366
2183,0,2982
2183,0,1692
2183,0,1584
2183,0,388
20,2,399
20,2,897
20,2,2993
20,1,458
20,0,556
20,0,3077
20,0,1249
20,0,2405
10,2,697
10,2,897
10,2,3356
10,1,2714
10,0,1570
10,0,1770
10,0,1836
10,0,44
353,2,897
353,2,2334
353,1,1602
353,0,1801
353,0,2109
353,0,59
353,0,1230
2479,2,697
2479,2,897
2479,2,3356
2479,1,2860
2479,0,602
2479,0,541
2479,0,3601
2479,0,3562
3480,2,897
3480,2,2744
3480,1,3561
3480,0,2646
3480,0,2854
3480,0,1493
3480,0,617
1875,2,225
1875,2,52
1875,2,77
1875,1,2108
1875,0,1383
1875,0,1320
1875,0,218
1875,0,908
338,2,669
338,2,897
338,1,2065
338,0,1322
338,0,2650
338,0,253
338,0,1021
3119,2,52
3119,2,77
3119,2,897
3119,1,2179
3119,0,602
3119,0,2818
3119,0,267
3119,0,2316
1102,2,399
1102,2,697
1102,2,897
1102,1,2678
1102,0,1281
1102,0,1332
1102,0,2508
1102,0,2864
3224,2,1291
3224,1,123
3224,0,3108
3224,0,1784
3224,0,723
3224,0,971
559,2,399
559,2,897
559,2,2340
559,1,644
559,0,218
559,0,663
559,0,179
559,0,1144
2654,2,897
2654,2,2744
2654,1,150
2654,0,2716
2654,0,971
2654,0,506
2654,0,2305
1863,2,225
1863,2,897
1863,2,2744
1863,1,2351
1863,0,2299
1863,0,2833
1863,0,275
1863,0,1819
120,2,669
120,2,1039
120,1,2265
120,0,3026
120,0,1524
120,0,920
120,0,911
1987,2,897
1987,1,3037
1987,0,3390
1987,0,2452
1987,0,2783
1987,0,198
3133,2,2340
3133,2,3356
3133,1,123
3133,0,1455
3133,0,86
3133,0,2837
3133,0,41
1288,2,897
1288,2,1044
1288,2,1291
1288,1,123
1288,0,746
1288,0,1731
1288,0,2171
1288,0,1581
1345,2,897
1345,2,2744
1345,1,1446
1345,0,1989
1345,0,2837
1345,0,3359
1345,0,3055
3310,2,399
3310,2,897
3310,2,1284
3310,1,1882
3310,0,1033
3310,0,3449
3310,0,394
3310,0,2458
851,2,669
851,2,1039
851,1,772
851,0,3590
851,0,844
851,0,2706
851,0,2614
2297,2,52
2297,2,77
2297,2,3356
2297,1,1381
2297,0,3384
2297,0,2255
2297,0,3494
2297,0,2568
991,2,669
991,2,897
991,1,1241
991,0,2738
991,0,331
991,0,1057
991,0,1323
895,2,52
895,2,77
895,2,1044
895,1,1450
895,0,1738
895,0,1441
895,0,3583
895,0,989
2648,2,52
2648,2,3356
2648,1,722
2648,0,589
2648,0,1364
2648,0,1687
2648,0,1689
2466,2,897
2466,2,2744
2466,1,1994
2466,0,245
2466,0,1570
2466,0,2505
2466,0,3398
1961,2,669
1961,2,897
1961,2,2744
1961,1,1200
1961,0,1780
1961,0,1683
1961,0,1688
1961,0,126
14,2,897
14,2,1291
14,2,2855
14,1,1700
14,0,1539
14,0,2756
14,0,2707
14,0,1248
3510,2,669
3510,2,1291
3510,2,2744
3510,1,1658
3510,0,2392
3510,0,3116
3510,0,1627
3510,0,184
414,2,897
414,1,3561
414,0,545
414,0,102
414,0,2561
414,0,2803
1112,2,52
1112,2,77
1112,2,2855
1112,1,1647
1112,0,909
1112,0,560
1112,0,75
1112,0,501
3564,2,52
3564,2,77
3564,2,1044
3564,1,1659
3564,0,2818
3564,0,1958
3564,0,2754
3564,0,2629
2934,2,52
2934,2,77
2934,2,897
2934,1,1279
2934,0,1282
2934,0,3584
2934,0,2848
2934,0,2655
2853,2,399
2853,2,669
2853,2,897
2853,1,1623
2853,0,984
2853,0,3389
2853,0,249
2853,0,654
3425,2,897
3425,2,2340
3425,2,2744
3425,1,3500
3425,0,1638
3425,0,2646
3425,0,2322
3425,0,634
2693,2,225
2693,2,77
2693,2,669
2693,1,529
2693,0,1546
2693,0,245
2693,0,1159
2693,0,1757
998,2,897
998,2,2744
998,2,2855
998,1,896
998,0,2392
998,0,1867
998,0,3479
998,0,2866
328,2,897
328,1,104
328,0,436
328,0,545
328,0,1125
328,0,2303
3318,2,897
3318,2,1044
3318,1,3121
3318,0,436
3318,0,2882
3318,0,1553
3318,0,1308
3269,2,897
3269,2,2744
3269,1,2865
3269,0,3585
3269,0,3104
3269,0,417
3269,0,2690
2580,2,669
2580,2,1291
2580,2,3356
2580,1,123
2580,0,945
2580,0,1542
2580,0,2673
2580,0,3494
23,2,669
23,2,897
23,2,2744
23,1,1658
23,0,1676
23,0,2898
23,0,234
23,0,495
3243,2,697
3243,2,897
3243,1,1053
3243,0,910
3243,0,2856
3243,0,2935
3243,0,1405
3340,2,669
3340,2,2744
3340,1,1704
3340,0,2529
3340,0,1944
3340,0,2161
3340,0,1359
2643,2,52
2643,2,897
2643,2,1039
2643,1,2922
2643,0,1301
2643,0,1020
2643,0,711
2643,0,258
2903,2,669
2903,2,897
2903,2,2744
2903,1,2237
2903,0,2839
2903,0,1845
2903,0,704
2903,0,1870
2631,2,52
2631,2,3356
2631,2,3505
2631,1,3073
2631,0,3073
2631,0,1722
2631,0,2153
2631,0,1194
2587,2,52
2587,2,669
2587,2,1291
2587,1,2718
2587,0,2758
2587,0,1099
2587,0,1682
2587,0,2116
672,2,399
672,2,897
672,2,2993
672,1,2558
672,0,3547
672,0,102
672,0,97
672,0,787
3193,2,77
3193,2,669
3193,2,897
3193,1,3098
3193,0,1927
3193,0,550
3193,0,1748
3193,0,1847
3322,2,669
3322,2,2744
3322,1,2714
3322,0,1780
3322,0,1164
3322,0,446
3322,0,1004
465,2,669
465,2,2744
465,1,1141
465,0,1772
465,0,245
465,0,516
465,0,493
2965,2,669
2965,2,897
2965,2,2744
2965,1,1945
2965,0,1490
2965,0,143
2965,0,1664
2965,0,2086
2970,2,52
2970,2,77
2970,2,697
2970,1,790
2970,0,2823
2970,0,1718
2970,0,2367
2970,0,2616
3529,2,669
3529,2,2744
3529,1,2217
3529,0,746
3529,0,3600
3529,0,2189
3529,0,56
1298,2,225
1298,2,52
1298,2,77
1298,1,808
1298,0,1494
1298,0,545
1298,0,1164
1298,0,689
2728,2,52
2728,2,697
2728,2,2855
2728,1,1697
2728,0,1591
2728,0,1138
2728,0,2228
2728,0,46
1337,2,897
1337,1,1430
1337,0,2356
1337,0,1430
1337,0,3490
1337,0,2889
1270,2,669
1270,2,897
1270,2,2744
1270,1,2243
1270,0,2802
1270,0,2167
1270,0,3454
1270,0,3518
2441,2,697
2441,2,3356
2441,1,3044
2441,0,1158
2441,0,436
2441,0,2142
2441,0,2232
2967,2,669
2967,2,1291
2967,2,2855
2967,1,1434
2967,0,2364
2967,0,947
2967,0,2240
2967,0,879
675,2,897
675,2,3356
675,1,3044
675,0,2142
675,0,1777
675,0,1705
675,0,1224
1330,2,897
1330,2,1044
1330,2,1291
1330,1,2148
1330,0,2805
1330,0,3489
1330,0,3378
1330,0,1601
1312,2,3356
1312,1,2481
1312,0,2783
1312,0,2537
1312,0,2021
1312,0,419
468,2,77
468,2,897
468,2,1039
468,1,1114
468,0,1687
468,0,235
468,0,3604
468,0,2715
652,2,2340
652,2,2855
652,2,3356
652,1,1448
652,0,972
652,0,2164
652,0,2388
652,0,950
2432,2,399
2432,2,697
2432,2,897
2432,1,1163
2432,0,1421
2432,0,258
2432,0,835
2432,0,2308
1185,2,897
1185,2,1044
1185,2,1291
1185,1,1286
1185,0,1727
1185,0,1728
1185,0,865
1185,0,3560
3191,2,52
3191,2,77
3191,2,3356
3191,1,2954
3191,0,3073
3191,0,1956
3191,0,2634
3191,0,1496
3205,2,697
3205,2,897
3205,2,1291
3205,1,1210
3205,0,3550
3205,0,416
3205,0,409
3205,0,1824
2546,2,697
2546,2,897
2546,2,1044
2546,1,3402
2546,0,367
2546,0,908
2546,0,94
2546,0,1082
3210,2,77
3210,2,1039
3210,2,1044
3210,1,600
3210,0,2406
3210,0,737
3210,0,709
3210,0,365
554,2,52
554,2,77
554,2,897
554,1,2377
554,0,2220
554,0,871
554,0,2448
554,0,192
2872,2,52
2872,2,669
2872,2,1291
2872,1,621
2872,0,3449
2872,0,1991
2872,0,1596
2872,0,2836
7,2,669
7,2,897
7,2,1039
7,1,497
7,0,3585
7,0,2156
7,0,1944
7,0,3347
2421,2,52
2421,2,3356
2421,1,1612
2421,0,1896
2421,0,2574
2421,0,2480
2421,0,575
3065,2,52
3065,2,77
3065,2,2855
3065,1,494
3065,0,440
3065,0,1836
3065,0,1770
3065,0,1439
3319,2,77
3319,2,897
3319,2,1044
3319,1,383
3319,0,1867
3319,0,2716
3319,0,3103
3319,0,1172
2593,2,897
2593,1,1926
2593,0,1115
2593,0,2300
2593,0,2536
2593,0,2092
3300,2,897
3300,1,1221
3300,0,2154
3300,0,2354
3300,0,1814
3300,0,2790
1190,2,669
1190,1,592
1190,0,3602
1190,0,2387
1190,0,2137
1190,0,1371
3274,2,897
3274,1,2531
3274,0,2568
3274,0,1576
3274,0,177
3274,0,1547
1075,2,669
1075,2,897
1075,2,2334
1075,1,688
1075,0,1818
1075,0,1719
1075,0,830
1075,0,187
1328,2,897
1328,2,1044
1328,2,2334
1328,1,2609
1328,0,582
1328,0,2292
1328,0,1452
1328,0,1693
3316,2,897
3316,1,1326
3316,0,730
3316,0,2069
3316,0,2450
3316,0,1821
840,2,3356
840,1,629
840,0,3449
840,0,990
840,0,354
840,0,3022
3267,2,669
3267,2,1291
3267,1,226
3267,0,2821
3267,0,1512
3267,0,1912
3267,0,1170
3087,2,52
3087,2,669
3087,2,2993
3087,1,60
3087,0,3543
3087,0,1601
3087,0,2796
3087,0,1136
3231,2,1291
3231,1,3400
3231,0,856
3231,0,301
3231,0,305
3231,0,89
3062,2,669
3062,2,897
3062,1,1434
3062,0,2627
3062,0,963
3062,0,1983
3062,0,1823
3305,2,52
3305,2,897
3305,2,3356
3305,1,2682
3305,0,1455
3305,0,2112
3305,0,1485
3305,0,2234
3468,2,897
3468,2,2744
3468,1,1486
3468,0,1158
3468,0,3478
3468,0,234
3468,0,1474
3277,2,1291
3277,2,2340
3277,1,2792
3277,0,3495
3277,0,437
3277,0,1942
3277,0,481
3321,2,77
3321,2,897
3321,2,1044
3321,1,794
3321,0,1867
3321,0,2716
3321,0,3103
3321,0,3574
3430,2,3356
3430,1,1202
3430,0,1639
3430,0,1120
3430,0,642
3430,0,769
3532,2,669
3532,2,2744
3532,1,2107
3532,0,228
3532,0,587
3532,0,280
3532,0,417
2685,2,52
2685,2,2855
2685,2,3356
2685,1,799
2685,0,3487
2685,0,1764
2685,0,1778
2685,0,1669
3436,2,1044
3436,2,2340
3436,2,3356
3436,1,629
3436,0,2195
3436,0,1694
3436,0,1395
3436,0,2215
3164,2,399
3164,2,897
3164,1,1926
3164,0,1076
3164,0,2471
3164,0,1608
3164,0,1460
1851,2,697
1851,2,897
1851,1,1740
1851,0,1131
1851,0,606
1851,0,2306
1851,0,1436
80,2,52
80,2,77
80,2,2855
80,1,2044
80,0,1406
80,0,774
80,0,3547
80,0,2983
1840,2,77
1840,1,1747
1840,0,1410
1840,0,620
1840,0,625
1840,0,1864
2181,2,669
2181,2,897
2181,1,130
2181,0,3350
2181,0,2611
2181,0,2453
2181,0,2399
3179,2,669
3179,2,897
3179,1,118
3179,0,1158
3179,0,2909
3179,0,162
3179,0,2397
2904,2,669
2904,2,897
2904,2,2744
2904,1,2237
2904,0,2839
2904,0,1845
2904,0,1870
2904,0,704
3253,2,77
3253,2,669
3253,2,897
3253,1,1667
3253,0,2400
3253,0,1116
3253,0,2304
3253,0,2399
816,2,52
816,2,2855
816,2,3356
816,1,2533
816,0,1489
816,0,1573
816,0,3455
816,0,1320
3131,2,669
3131,2,2744
3131,1,3388
3131,0,3585
3131,0,2206
3131,0,2279
3131,0,1334
1932,2,52
1932,2,1044
1932,2,1291
1932,1,2870
1932,0,2519
1932,0,830
1932,0,564
1932,0,2016
993,2,697
993,2,897
993,2,3356
993,1,771
993,0,1414
993,0,2238
993,0,234
993,0,167
15,2,52
15,2,897
15,2,3356
15,1,2179
15,0,1826
15,0,1230
15,0,673
15,0,164
2019,2,697
2019,2,897
2019,2,2340
2019,1,2526
2019,0,1686
2019,0,363
2019,0,2322
2019,0,2024
3424,2,697
3424,2,897
3424,2,2340
3424,1,753
3424,0,1442
3424,0,2755
3424,0,3489
3424,0,758
1355,2,897
1355,2,2855
1355,2,3356
1355,1,2507
1355,0,963
1355,0,1019
1355,0,2171
1355,0,510
3284,2,399
3284,2,897
3284,2,1284
3284,1,1737
3284,0,2359
3284,0,2854
3284,0,1000
3284,0,1570
1314,2,697
1314,2,1291
1314,2,3356
1314,1,3042
1314,0,2834
1314,0,1500
1314,0,195
1314,0,742
703,2,897
703,1,1437
703,0,3496
703,0,1257
703,0,544
703,0,961
1349,2,897
1349,2,2340
1349,2,3356
1349,1,784
1349,0,1909
1349,0,1536
1349,0,1745
1349,0,1765
1887,2,77
1887,2,399
1887,1,1749
1887,0,1897
1887,0,2577
1887,0,313
1887,0,1921
3326,2,77
3326,2,399
3326,2,697
3326,1,2723
3326,0,1676
3326,0,572
3326,0,1219
3326,0,3609
3566,2,52
3566,2,1291
3566,2,3356
3566,1,2252
3566,0,232
3566,0,191
3566,0,1527
3566,0,2213
3264,2,52
3264,2,77
3264,2,3528
3264,1,1192
3264,0,1638
3264,0,287
3264,0,3552
3264,0,3403
3128,2,1291
3128,2,3356
3128,1,1625
3128,0,121
3128,0,3093
3128,0,2862
3128,0,3435
860,2,897
860,2,2340
860,2,3356
860,1,705
860,0,2932
860,0,787
860,0,535
860,0,2842
2730,2,669
2730,2,897
2730,2,2335
2730,1,64
2730,0,1719
2730,0,853
2730,0,3384
2730,0,102
2873,2,1291
2873,2,2340
2873,1,3526
2873,0,2382
2873,0,685
2873,0,770
2873,0,2023
2605,2,399
2605,2,897
2605,2,2993
2605,1,2288
2605,0,2053
2605,0,789
2605,0,2036
2605,0,2121
2337,2,669
2337,2,1039
2337,2,2744
2337,1,1854
2337,0,2385
2337,0,1605
2337,0,2212
2337,0,1895
760,2,897
760,2,2340
760,2,3356
760,1,1173
760,0,570
760,0,2392
760,0,611
760,0,582
163,2,669
163,1,1979
163,0,1475
163,0,1465
163,0,302
163,0,453
1373,2,897
1373,1,3573
1373,0,2362
1373,0,3489
1373,0,2099
1373,0,2042
3306,2,897
3306,2,3356
3306,1,2539
3306,0,269
3306,0,940
3306,0,1458
3306,0,2100
2290,2,399
2290,2,897
2290,2,1039
2290,1,2506
2290,0,1524
2290,0,1883
2290,0,2120
2290,0,472
248,2,669
248,2,897
248,2,1039
248,1,3544
248,0,2608
248,0,514
248,0,1456
248,0,2756
51,2,897
51,2,1044
51,2,2335
51,1,1723
51,0,1019
51,0,1570
51,0,1581
51,0,732
1948,2,669
1948,1,2030
1948,0,1415
1948,0,720
1948,0,2703
1948,0,2417
2165,2,77
2165,2,1039
2165,1,418
2165,0,3345
2165,0,1692
2165,0,2031
2165,0,1916
3580,2,77
3580,2,669
3580,2,1044
3580,1,779
3580,0,757
3580,0,2359
3580,0,1430
3580,0,2636
1060,2,1291
1060,2,3356
1060,1,3041
1060,0,2389
1060,0,978
1060,0,286
1060,0,2277
995,2,897
995,2,2744
995,1,2912
995,0,1123
995,0,112
995,0,488
995,0,2715
2129,2,1291
2129,1,2500
2129,0,2325
2129,0,2339
2129,0,546
2129,0,2722
2891,2,399
2891,2,897
2891,2,1284
2891,1,321
2891,0,789
2891,0,531
2891,0,3369
2891,0,2000
3463,2,52
3463,2,77
3463,2,1044
3463,1,2513
3463,0,2663
3463,0,2242
3463,0,387
3463,0,3039
3078,2,897
3078,2,1039
3078,2,2334
3078,1,38
3078,0,763
3078,0,38
3078,0,3090
3078,0,2797
3083,2,669
3083,2,897
3083,2,2744
3083,1,2217
3083,0,3417
3083,0,228
3083,0,725
3083,0,3116
2659,2,52
2659,2,77
2659,2,1291
2659,1,2533
2659,0,2280
2659,0,133
2659,0,3520
2659,0,1846
2600,2,669
2600,1,2415
2600,0,3350
2600,0,2449
2600,0,1652
2600,0,803
2888,2,697
2888,2,897
2888,2,2340
2888,1,398
2888,0,581
2888,0,2406
2888,0,1712
2888,0,810
1292,2,1291
1292,1,941
1292,0,1915
1292,0,1263
1292,0,382
1292,0,2734
3012,2,897
3012,2,2334
3012,2,2744
3012,1,1647
3012,0,2712
3012,0,463
3012,0,543
3012,0,57
2884,2,77
2884,2,669
2884,1,2857
2884,0,61
2884,0,3076
2884,0,3351
2884,0,2914
2418,2,669
2418,2,1039
2418,2,1044
2418,1,343
2418,0,1836
2418,0,1524
2418,0,2705
2418,0,577
